name,mentions,Volume Introduced,Gender,Species,Status,Affiliation,Residence,Occupation
Erin,62543,1,Female,Human,Alive,The Wandering Inn,The Wandering Inn,Innkeeper
Ryoka,29765,1,Female,Human,Alive,Runner's Guild,Izril,Courier
Mrsha,17670,2,Female,Gnoll,Alive,The Wandering Inn,The Wandering Inn,Druid
Ceria,14186,1,Female,Half-Elf,Alive,Horns of Hammerad,Izril,Adventurer
Lyonette,14184,2,Female,Human,Alive,Calanfer,The Wandering Inn,Princess
Pisces,13592,1,Male,Human,Alive,Horns of Hammerad,The Wandering Inn,Adventurer
Yvlon,9248,1,Female,Human,Alive,Horns of Hammerad,The Wandering Inn,Adventurer
Rags,8091,1,Female,Goblin,Alive,Flooded Waters Tribe,Goblinhome,Chieftain
Magnolia,7433,1,Female,Human,Alive,House Reinhart,Invrisil,Lady
Trey,6691,2,Male,Human,Alive,Earthers,Reim,Mage
Relc,6554,1,Male,Drake,Alive,Liscor City Watch,Liscor,Guard
Klbkch,6550,1,Male,Antinium,Alive,Liscor City Watch,Liscor,Guard
Ksmvr,6297,1,Male,Antinium,Alive,Horns of Hammerad,The Wandering Inn,Adventurer
Niers,5901,2,Male,Fraerling,Alive,Forgotten Wing Company,Elvallian,Strategist
Numbtongue,5833,3,Male,Goblin,Alive,Redfang Tribe,The Wandering Inn,Bard
Flos,5574,1,Male,Human,Alive,Reim,Reim,King
Tyrion,5453,1,Male,Human,Alive,House Veltras,Izril,Lord
Saliss,5417,1,Female,Drake,Alive,Pallass,Pallass,Alchemist
Bird,5305,1,Female,Antinium,Alive,The Wandering Inn,The Wandering Inn,Hunter
Geneva,5078,3,Female,Human,Alive,United Nations,Baleros,Doctor
Selys,4809,1,Female,Drake,Alive,Adventurer's Guild,Liscor,Secretary
Pawn,4693,1,Male,Antinium,Alive,Free Antinium,Liscor,Priest
Olesm,4692,1,Male,Drake,Alive,Liscorian Army,Liscor,Strategist
Ilvriss,4525,2,Male,Drake,Alive,Salaszar,Salaszar,Wall Lord
Maviola,4383,1,Female,Human,Deceased,Ladies of Izril,Izril,Lady
Durene,4317,3,Female,Half-Troll,Alive,Order of Solstice,Riverfarm,Paladin
Rabbiteater,4166,3,Male,Goblin,Alive,Redfang Tribe,The Wandering Inn,Knight
Krshia,4130,1,Female,Gnoll,Alive,Silverfang Tribe,Liscor,Councilor
Laken,3997,3,Male,Human,Alive,Unseen Empire,Riverfarm,Emperor
Maviola (Undead),3954,8,Female,Undead,Alive,Unaffiliated,Izril,Child
Belavierr,3686,1,Female,Human,Alive,Witches,Unknown,Witch
Reiss,3586,1,Male,Goblin,Deceased,Goblin Lords,Izril,Goblin Lord
Fetohep,3583,1,Male,Undead,Alive,Khelt,Khelt,King
Valeterisa,3581,3,Female,Human,Alive,Wistram,Izril,Archmage
Ulvama,3553,3,Female,Goblin,Alive,Flooded Waters Tribe,The Wandering Inn,Shaman
Knight,3408,1,Male,Antinium,Deceased,Free Antinium,Liscor,Worker
Zevara,3128,1,Female,Drake,Alive,Liscor City Watch,Liscor,Watch Captain
Wiskeria,3076,4,Female,Human,Alive,Unseen Empire,Riverfarm,Witch
Toren,2942,1,Male,Undead,Alive,Unaffiliated,Izril,Barmaid
Fierre,2935,6,Female,Vampire,Alive,Fellowship of the Inn,Invrisil,Information Broker
Eldavin,2935,7,Male,Half-Elf,Alive,Wistram,Wistram,Archmage
Teriarch,2911,1,Male,Dragon,Alive,Unaffiliated,High Passes,Dragonlord
Grimalkin,2782,6,Male,Drake,Alive,Pallass,Pallass,Mage
Montressa,2750,1,Female,Human,Alive,Wistram,The Wandering Inn,Mage
Halrac,2720,2,Male,Human,Deceased,Griffon Hunt,Izril,Adventurer
Ylawes,2710,3,Male,Human,Alive,Silver Swords,Izril,Adventurer
Nanette,2603,6,Female,Human,Alive,The Wandering Inn,The Wandering Inn,Witch
Zel,2603,1,Male,Drake,Deceased,Unaffiliated,Liscor,General
Marian (Strategist),2552,1,Female,Centaur,Alive,Titan's School,Elvallian,Strategist
Az’kerash,2551,1,Male,Undead,Alive,Calanfer,Izril,Necromancer
Marian (The Americans),2550,1,Female,Human,Deceased,Earthers,Rhir,Hero
Marian (Horns of Hammerad),2550,1,Female,Human,Deceased,Horns of Hammerad,Izril,Adventurer
Colthei,2438,9,Male,Human,Alive,Horns of Hammerad,Unknown,Adventurer
Garen,2415,2,Male,Goblin,Deceased,Redfang Tribe,Izril,Chieftain
Teresa,2410,2,Female,Human,Alive,Earthers,Reim,Soldier
Octavia,2408,1,Female,Stitchfolk,Alive,Fellowship of the Inn,The Wandering Inn,Alchemist
Rose,2404,2,Female,Human,Alive,The Wandering Inn,The Wandering Inn,Mage
Rose,2402,2,Female,Human,Alive,The Wandering Inn,The Wandering Inn,Mage
Orjin,2382,6,Male,Human,Alive,Pomle,Pomle,Martial Artist
Gazi,2369,1,Female,Half-Gazer,Alive,Reim,Chandrar,Adventurer
Luan,2278,4,Male,Human,Alive,United Nations,Baleros,Courier
Jelaqua,2267,2,Female,Selphid,Alive,Halfseekers,The Wandering Inn,Adventurer
Nerrhavia,2260,1,Female,Human,Alive,Nerrhavia's Fallen,Unknown,Queen
Pyrite,2133,2,Male,Goblin,Deceased,Flooded Waters Tribe,Izril,Chieftain
Palt,1980,6,Male,Centaur,Alive,Wistram,Liscor,Mage
Raelt,1972,6,Male,Human,Alive,Jecrass,Chandrar,King
Calruz,1968,1,Male,Minotaur,Alive,Horns of Hammerad,Liscor,Adventurer
Wil,1943,2,Male,Human,Alive,Titan's School,Elvallian,Strategist
Kevin,1941,2,Male,Human,Deceased,Earthers,The Wandering Inn,Mechanic
Quarass,1921,1,Female,Human,Alive,Germina,Chandrar,Quarass
Bethal,1896,4,Female,Human,Alive,Ladies of Izril,Izril,Lady
Daly,1892,4,Male,Human,Alive,United Nations,Baleros,Adventurer
Drassi,1857,1,Female,Drake,Alive,The Wandering Inn,Liscor,Reporter
Ishkr,1844,4,Male,Gnoll,Alive,Silverfang Tribe,The Wandering Inn,Waiter
Normen,1809,8,Male,Human,Alive,Order of Solstice,The Wandering Inn,Knight
Nsiia,1794,6,Female,Human,Alive,Tiqr,Chandrar,Emperor
Lism,1764,1,Male,Drake,Alive,Liscor City Council,Liscor,Councilor
Rhisveri,1755,8,Male,Wyrm,Alive,Ailendamus,Terandria,Duke
Venaz,1742,2,Male,Minotaur,Alive,Titan's School,Elvallian,Strategist
Chaldion,1711,1,Male,Drake,Alive,Pallass,Pallass,Strategist
Ressa,1668,1,Female,Human,Alive,House Reinhart,Invrisil,Maid
Revi,1604,2,Female,Stitchfolk,Alive,Griffon Hunt,The Wandering Inn,Adventurer
Seraphel,1586,7,Female,Human,Alive,Calanfer,Terandria,Princess
Garia,1551,1,Female,Human,Alive,Runner's Guild,Celum,Runner
Sammial,1541,4,Male,Human,Alive,House Veltras,The Wandering Inn,Child
Alevica,1522,6,Female,Human,Alive,Runner's Guild,Riverfarm,Witch
Moore,1490,2,Male,Half-Giant,Deceased,Halfseekers,The Wandering Inn,Mage
Embria,1464,2,Female,Drake,Alive,Liscorian Army,Izril,Soldier
Kenjiro,1461,4,Male,Human,Alive,United Nations,Baleros,Diplomat
Rie,1428,4,Female,Human,Alive,Unseen Empire,Riverfarm,Lady
Elia,1423,4,Female,Half-Elf,Alive,Arcsinger's Bows,The Wandering Inn,Adventurer
Anand,1320,1,Male,Antinium,Alive,Free Antinium,Liscor,Strategist
Foliana,1315,4,Female,Beastkin,Alive,Forgotten Wing Company,Elvallian,Assassin
Typhenous,1302,2,Male,Human,Alive,Griffon Hunt,Riverfarm,Mage
Silvenia,1293,6,Female,Half-Elf,Alive,Demon Kingdom,Rhir,Archmage
Rafaema,1291,1,Female,Dragon,Alive,Manus,Izril,Child
Xrn,1275,1,Female,Antinium,Alive,Grand Hive,Izril,Thaumaturge
Seborn,1262,2,Male,Drowned Folk,Alive,Halfseekers,The Wandering Inn,Adventurer
Pelt,1249,6,Male,Dwarf,Alive,Pallass,Esthelm,Blacksmith
Orthenon,1246,1,Male,Human,Alive,Reim,Chandrar,Steward
Umina,1244,2,Female,Lizardfolk,Alive,Titan's School,Elvallian,Strategist
Mars,1233,2,Female,Human,Alive,Reim,Chandrar,Vanguard
Cara,1233,2,Female,Human,Alive,Earthers,Terandria,Singer
Badarrow,1222,3,Male,Goblin,Alive,Flooded Waters Tribe,Goblinhome,Archer
Prost,1220,3,Male,Human,Deceased,Unseen Empire,Riverfarm,Steward
Joseph,1218,2,Male,Human,Alive,Earthers,The Wandering Inn,Coach
Hethon,1217,4,Male,Human,Alive,House Veltras,The Wandering Inn,Child
Persua,1209,1,Female,Human,Alive,Runner's Guild,Celum,Runner
Feshi,1165,6,Female,Gnoll,Alive,Titan's School,Izril,Chieftain
Gireulashia,1164,8,Female,Gnoll,Alive,Ekhtouch Tribe,Izril,Chieftain
Tkrn,1158,1,Male,Gnoll,Alive,Liscor City Watch,Liscor,Guard
Apista,1154,4,Female,Bee,Alive,Fellowship of the Inn,The Wandering Inn,Pet
Visophecin,1153,8,Male,Lucifen,Alive,Ailendamus,Terandria,Viscount
Tremborag,1136,3,Male,Goblin,Deceased,Mountain City Tribe,Dwarfhall's Rest,Chieftain
Yelroan,1122,8,Male,Gnoll,Alive,Plain's Eye Tribe,The Wandering Inn,Administrator
Redscar,1112,3,Male,Goblin,Alive,Flooded Waters Tribe,Goblinhome,Warrior
Jecaina,1110,6,Female,Human,Alive,Jecrass,Chandrar,Queen
Inkar,1107,7,Female,Human,Alive,Earthers,Izril,Traveller
Bezale,1106,6,Female,Minotaur,Alive,Wistram,Wistram,Mage
Belgrade,1092,1,Male,Antinium,Alive,Free Antinium,Liscor,Strategist
Reynold,1089,1,Male,Human,Alive,House Reinhart,Invrisil,Butler
Talia,1083,6,Female,Human,Alive,Order of Seasons,Terandria,Knight
Califor,1083,6,Female,Human,Deceased,Witches,Izril,Witch
Yellow Splatters,1072,4,Male,Antinium,Alive,Free Antinium,Liscor,Sergeant
Headscratcher,1061,3,Male,Goblin,Deceased,Redfang Tribe,The Wandering Inn,Warrior
Perorn,1056,6,Female,Centaur,Alive,Forgotten Wing Company,Elvallian,Strategist
Rhaldon,1044,9,Male,Human,Alive,Earthers,Izril,Alchemist
Ivolethe,1043,3,Female,Fae,Alive,Frost Faeries,Avalon,Winter
Relz,1042,5,Male,Drake,Alive,Pallass,Pallass,Wall Lord
Imani,1040,2,Female,Human,Alive,Earthers,Liscor,Cook
Aaron,1037,2,Male,Human,Alive,Earthers,Wistram,Mage
Rufelt,1025,6,Male,Gnoll,Alive,Pallass,Pallass,Bartender
Pebblesnatch,1022,5,Female,Goblin,Alive,Cave Goblins,Riverfarm,Cook
Velan,1014,2,Male,Goblin,Deceased,Forgotten Wing Company,Baleros,Goblin King
Altestiel,994,7,Male,Human,Deceased,Desonis,Terandria,Earl
Garry,991,1,Male,Antinium,Alive,Free Antinium,Liscor,Cook
Falene,976,4,Female,Half-Elf,Alive,Silver Swords,Izril,Adventurer
Amerys,970,2,Female,Human,Alive,Reim,Chandrar,Archmage
Merish,961,7,Male,Gnoll,Alive,Plain's Eye Tribe,Izril,Warrior
Tesy,956,8,Male,Drake,Deceased,Unaffiliated,Izril,Painter
Dawil,952,4,Male,Dwarf,Alive,Silver Swords,Izril,Adventurer
Kasigna,914,8,Female,Goddess,Deceased,Dead Gods,Kasignel,God
Elirr,891,5,Male,Gnoll,Alive,Liscor City Council,Liscor,Councilor
Cognita,879,3,Female,Golem,Alive,Wistram,Wistram,Overseer
Bevussa,860,5,Female,Garuda,Alive,Pallass,Pallass,Adventurer
Ieka,856,5,Female,Human,Alive,Circle of Thorns,Izril,Lady
Troydel,852,2,Male,Human,Alive,Earthers,Pallass,Engineer
Hedault,850,3,Male,Human,Alive,Unaffiliated,Invrisil,Enchanter
Lasica,837,6,Female,Drake,Alive,Pallass,Pallass,Cook
Seve,836,7,Male,Human,Deceased,Runner's Guild,Chandrar,Courier
Jericha,824,5,Female,Human,Alive,House Veltras,Izril,Aide
Xevccha,800,1,Female,Antinium,Alive,Free Antinium,Liscor,Queen
Ekirra,799,7,Male,Gnoll,Alive,Silverfang Tribe,Liscor,Child
Nawalishifra,797,5,Female,Human,Alive,Reim,Chandrar,Blacksmith
Femithain,793,6,Male,Human,Alive,Illivere,Chandrar,Crafter-Magus
Venitra,789,2,Female,Undead,Alive,Chosen,Izril,Vanguard
Elena,781,7,Female,Human,Alive,Earthers,Wistram,Beautician
Jasi,779,3,Female,Drake,Alive,Players of Celum,Celum,Actress
Osthia,751,4,Female,Drake,Alive,Pallass,Pallass,Soldier
Maughin,750,6,Male,Dullahan,Alive,Pallass,Pallass,Blacksmith
Dalimont,736,7,Male,Human,Alive,Calanfer,The Wandering Inn,Knight
Greydath,736,3,Male,Goblin,Alive,Goblin Lords,Izril,Goblin Lord
Fals,731,1,Male,Human,Alive,Runner's Guild,Celum,Runner
Feor,729,3,Male,Half-Elf,Alive,Wistram,Wistram,Archmage
Wailant,729,4,Male,Human,Alive,Strongheart Family,Izril,Farmer
Tessa,728,6,Female,Drake,Alive,Assassin's Guild,Salaszar,Adventurer
Wilovan,728,7,Male,Gnoll,Alive,Brotherhood of Serendipitous Meetings,Invrisil,Thug
Mavika,726,6,Female,Human,Alive,Unseen Empire,Riverfarm,Witch
Cirediel,717,7,Male,Dragon,Alive,Oteslia,Oteslia,Dragon
Richard,717,2,Male,Human,Alive,Earthers,Rhir,Knight
Mihaela,715,2,Female,Human,Alive,Runner's Guild,First Landing,Courier
Snapjaw,712,4,Female,Goblin,Alive,Fellowship of the Inn,Izril,Chieftain
Lehra,709,7,Female,Gnoll,Alive,Stargazer's Promise,Izril,Adventurer
Venith,706,4,Male,Human,Alive,Reim,Chandrar,Lord
Mirn,698,7,Male,Drake,Alive,Turnscales,Pallass,Bartender
Vetn,695,8,Male,Gnoll,Alive,Tesy,Izril,Thief
Eloise,680,6,Female,Human,Alive,Unseen Empire,Riverfarm,Witch
Charlay,679,6,Female,Centaur,Alive,Runner's Guild,Izril,Runner
Pryde,678,1,Female,Human,Alive,Ladies of Izril,Izril,Lady
Yazdil,677,4,Male,Lizardfolk,Alive,Roshal,Chandrar,Lord
Cirille,671,4,Female,Drake,Deceased,Manus,Manus,Soldier
Viltach,666,1,Male,Human,Alive,Wistram,Wistram,Archmage
Calescent,664,7,Male,Goblin,Alive,Flooded Waters Tribe,The Wandering Inn,Cook
Yisame,662,6,Female,Stitchfolk,Alive,Nerrhavia's Fallen,Chandrar,Queen
Marquin,659,2,Female,Human,Deceased,Calanfer,Kasignel,Queen
Lulv,656,6,Male,Gnoll,Alive,Manus,Manus,Soldier
Ushar,654,8,Female,Human,Alive,Calanfer,The Wandering Inn,Knight
Greysten,653,6,Male,Human,Alive,Order of Seasons,Terandria,Knight
Satar,652,1,Female,Gnoll,Alive,Silverfang Tribe,Izril,Shaman
Tulm,652,6,Male,Dullahan,Alive,Iron Vanguard,Baleros,Strategist
Pellmia,650,5,Male,Human,Alive,House Veltras,Izril,Lord
Snatcher,647,5,Other,Undead,Alive,Mother of Graves,Liscor,Guard
Ratici,638,7,Male,Drake,Alive,Brotherhood of Serendipitous Meetings,Invrisil,Thief
Jewel,622,7,Female,Human,Alive,Order of Solstice,Izril,Adventurer
Paige,609,4,Female,Human,Alive,Earthers,Baleros,Engineer
Hedag,604,6,Female,Human,Alive,Unseen Empire,Riverfarm,Witch
Beth,604,9,Female,Selphid,Alive,Forgotten Wing Company,Baleros,Doctor
Liska,603,7,Female,Gnoll,Alive,Silverfang Tribe,The Wandering Inn,Worker
Hawk,596,1,Male,Beastkin,Alive,Runner's Guild,Liscor,Courier
Yitton,593,5,Male,,,,,
Othius,591,1,Male,,,,,
Ysara,591,1,Female,,,,,
Thomas,591,2,Male,,,,,
Adetr,589,8,Male,,,,,
Yerranola,589,2,Female,,,,,
Tekshia,585,1,Female,,,,,
Perric,584,6,Male,Human,,,,
Wesle,577,1,Male,,,,,
Larracel,574,9,Female,,,,,
Thomast,570,4,Male,,,,,
Gamel,563,3,Male,Human,,,,
Vess,562,8,Male,,,,,
Alrric,562,6,Male,,,,,
Grand Queen,561,1,Female,,,,,
Merrik,559,6,Male,Dwarf,,,,
Ekrn,558,8,Male,Fraerling,,,,
Visma,554,7,Female,Drake,,,,
Hexel,553,6,Male,Lizardfolk,,,,
Gerial,541,1,Male,,,,,
Thelican,541,6,Male,,,,,
Xif,540,6,Male,,,,,
Okasha,532,3,Female,,,,,
Nerul,529,8,Male,,,,,
Xherw,529,1,Male,Gnoll,,,,
Ijvani,526,2,Female,,,,,
Theikha,524,1,Female,,,,,
Salamani,523,7,Male,,,,,
Wrymvr,523,1,Male,,,,,
Noass,522,5,Male,,,,,
Qwera,522,1,Female,,,,,
Todi,519,7,Male,,,,,
Peki,516,6,Female,,,,,
Illphres,513,3,Female,,,,,
Shorthilt,508,3,Male,,,,,
Nerry,504,9,Female,,,,,
Felkhr,500,6,Male,,,,,
Regrika,500,4,Female,,,,,
Domehead,499,7,Male,,,,,
Mivifa,498,7,Female,,,,,
Colfa,493,6,Female,,,,,
Rasea,492,7,Female,,,,,
Markus,492,6,Male,,,,,
Ulinde,490,6,Female,,,,,
Sserys,487,2,Male,,,,,
Grand Design of Isthekenous,485,8,Other,,,,,
Shaestrel,484,9,Female,,,,,
Merr,482,8,Female,Stichfolk,,,,
Zail,481,6,Male,Drake,,,,
Zelkyr,481,3,Male,,,,,
Quallet,477,4,Male,Human,,,,
Rémi,477,6,Male,,,,,
Cortese,476,9,Male,,,,,
Xitegen,472,9,Male,,,,,
Revine,470,6,Female,Human,,,,
Nailihuaile,468,5,Female,,,,,
Tolveilouka,461,8,Male,Undead,,,,
Salii,460,6,Female,,,,,
Siri,459,3,Female,Human,,,,
Lasc,448,7,Male,Human,,,,
Bograms,447,9,Male,,,,,
Aiko,446,4,Female,,,,,
Termin,445,3,Male,,,,,
Igheriz,439,8,Male,Stitchfolk,,,,
Dakelos,438,7,Male,,,,,
Briganda,435,6,Female,,,,,
Calac,434,4,Male,,,,,
Grev,434,2,Male,,,,,
Agnes,428,2,Female,,,,,
Tersk,427,3,Male,,,,,
Wer,427,6,Male,,,,,
Brunkr,424,2,Male,,,,,
Poisonbite,413,3,Female,,,,,
Antherr,411,9,Male,,,,,
Riqre,402,8,Male,,,,,
Czautha’qshe,401,7,Female,Djinni,,,,
Fightipilota,400,8,Female,,,,,
Gralton,396,5,Male,Human,,,,
Eloque,393,8,Female,,,,,
Kerrig,389,4,Male,Human,,,,
Deniusth,389,1,Male,,,,,
Beniar,384,4,Male,,,,,
Frost Wyvern Lord,375,7,Male,,,,,
Menolit,374,1,Male,,,,,
Mrell,373,8,Male,Gnoll,,,,
Rasktooth,371,8,Male,Antinium,,,,
Erek,371,7,Male,,,,,
Keldrass,366,5,Male,,,,,
Khelta,364,6,Female,,,,,
Jeiss,358,1,Male,Drake,,,,
Berr,356,8,Male,Gnoll,,,,
Ulrien,355,2,Male,,,,,
Iradoren,354,9,Male,,,,,
Alked,354,6,Male,,,,,
Earlia,352,5,Female,Human,Alive,Gemhammer,Izril,Adventurer
Idis,352,7,Female,Selphid,,,,
Gershal,351,4,Male,Human,,,,
Akrisa,349,1,Female,Gnoll,Alive,Silverfang Tribe,Izril,Chieftain
Sest,349,8,Male,,,,,
Beilmark,349,1,Male,,,,,
Isceil,348,6,Male,,,,,
Telim,348,1,Male,Human,,,,
Silveran,348,7,Male,,,,,
Ama,347,8,Female,,,,,
Oberon,342,4,Male,,,,,
Menrise,342,9,Female,,,,,
Lormel,341,8,Male,Human,Alive,Thronebearers,Terandria,Knight
Itorin,338,7,Male,,,,,
Torreb,337,9,Male,,,,,
Soloxenethn,336,7,Male,Human,,Windcaller's Wrath,Chandrar,
Belchaus,333,5,Male,,,,,
Paxere,331,8,Female,Lucifen,,,,
Infinitypear,330,8,Male,Antinium,,,,
Emme,330,5,Female,Part-Dwarf,,,,
Meisa,328,8,Female,Human,Alive,Order of Seasons,Terandria,Knight
Calidus,326,9,Male,,,,,
Xesci,326,8,Female,,,,,
Taletevirion,326,9,Male,,,,,
Crusader 51,325,8,Male,,,,,
Sacra,325,3,Female,Human,Deceased,House Reinhart,Izril,Maid
Eldertuin,325,7,Male,,,,,
Fithea,321,8,Female,,,,,
Himilt,320,6,Male,,,,,
Irurx,319,8,Male,,,,,
Tamaroth,318,2,Male,,,,,
Raekea,317,5,Female,,,,,
Pivr,316,3,Male,,,,,
Aielef,316,8,Female,,,,,
Lyfelt,316,6,Male,,,,,
Khedal,313,1,Male,,,,,
Hayvon,313,6,Male,,,,,
Torishi,313,8,Female,Gnoll,Alive,Weatherfur Tribe,Izril,Chieftain
Venim,311,5,Male,Drake,Alive,Pallass,Izril,Watch Captain
Vasraf,310,6,Male,Human,Alive,Tiqr,Chandrar,General
Nailren,309,5,Male,Gnoll,Alive,Pride of Kelia,Izril,Adventurer
Zenol,308,8,Male,,,,,
Beatrice,307,1,Female,,,,,
Cawe,307,8,Female,Garuda,Deceased,Unaffiliated,Chandrar,Thief
Bea,307,2,Female,,,,,
Maresar,305,4,Female,,,,,
Takhatres,304,2,Male,,,,,
Peclir,301,4,Male,Human,Alive,Forgotten Wing Company,Baleros,Chamberlain
Calvaron,301,3,Male,Centaur,Deceased,Wistram,,
Luciva,300,6,Female,,,,,
Ullim,298,4,Male,Human,Alive,House Veltras,Veltras Estate,Majordomo
Dekass,297,6,Male,,,,,
Viceria,297,4,Female,,,,,
Frostwing,297,3,Female,Eagle,Alive,,Riverfarm,
Stan,296,1,Male,,,,,
Noears,293,3,Male,Goblin,Deceased,,,
Calirn,292,6,Male,Human,Alive,Order of Seasons,Terandria,Knight-Commander
Ulva,291,1,Female,Human,Unknown,House Terland,Izril,Lady
Andel (UN),290,6,Male,Human,Alive,United Nations,Talenqual,Fisher
Andel (Players of Celum),290,6,Male,Human,Alive,Players of Celum,Celum,Writer
Alber,289,6,Male,Human,Alive,,,Boxer
Azam’du,285,8,Male,Djinni,,,,
Red,284,1,Female,Human,Alive,Americans,Rhir,Painter
Bearig,282,8,Male,Stitchfolk,Alive,Unaffiliated,Chandrar,Cook
Fool,278,1,Male,Human,Deceased,Blighted Kingdom,Paranfer,Jester
Drevish,278,2,Male,,,,,
Temile,277,6,Male,Human,,,,
Calectus,277,4,Male,Selphid,Deceased,,,
Peggy,275,9,Female,,,,,
Therrium,274,7,Male,,,,,
Resk,274,8,Male,Fraerling,,,,
Shaerrha,273,7,Female,Drake,Alive,Oteslia,Oteslia,First Gardener
Raim,272,6,Male,Human,Deceased,Order of Seasons,Terandria,Knight
Nuvityn,272,9,Male,,,,,
Insill,271,4,Male,Drake,Alive,,,
Linvios,269,9,Male,Drake,Alive,,,
Noa,269,8,Female,Fraerling,,,,
Ielane,268,8,Female,,,,,
Fezimet,266,6,Male,Lizardfolk,,,,
Solton,266,8,Male,Stitchfolk,,,,
Minizi,265,7,Female,Golem,,,,
Barnethei,265,9,Male,Human,,,,
Oliyaya,262,6,Female,,,,,
Gothica,261,8,Female,,,,,
Lupp,260,6,Male,,,,,
Anith,260,4,Male,Beastkin,,,,
Nereshal,259,4,Male,,,,,
Cotm,258,8,Male,Fraerling,,,,
Doubte,258,6,Male,,,,,
Delanay,258,7,Male,,,,,
Regalius,257,8,Male,Human,,,,
Salkis,255,5,Female,Drake,,,,
Hecrelunn,255,8,Male,,,,,
Vofea,255,9,Female,,,,,
Oom II,254,2,Male,,,,,
Oom,254,2,Male,,,,,
Nokha,254,5,Female,,,,,
Zeladona,252,8,Female,,,,,
Valceif,250,2,Male,Human,Deceased,,,
Buscrei,247,8,Female,Human,Alive,,,
Rehanna,243,4,Female,Human,,,,
Alais,240,5,Female,Human,,,,
Hekusha,236,1,Female,Human,,,,
Navine,236,6,Female,Drake,Alive,,,
Eater of Spears,236,4,Male,Goblin,,,,
Nalthaliarstrelous,235,4,Male,Human,,,,
Cauwine,233,8,,,,,,
Artur,233,8,,,,,,
Iraz,231,7,,,,,,
Laedonius,228,5,,,,,,
Dawson,225,6,,,,,,
Vandum,225,9,,,,,,
Etril,222,7,,,,,,
Welca,222,4,,,,,,
Tserre,221,10,,,,,,
Dionamella,221,8,,,,,,
Kerash,218,2,,,,,,
Lorell,218,6,,,,,,
Goat,218,1,,,,,,
Agratha,217,6,,,,,,
Ram,217,4,,,,,,
Bearclaw,216,6,,,,,,
Safry,216,2,,,,,,
Alonna,215,1,,,,,,
Anazurhe,215,7,,,,,,
Kirana,215,6,,,,,,
Buler,214,9,,,,,,
Zamea,214,6,,,,,,
Emessa,213,7,,,,,,
Omusc,213,8,,,,,,
Shassa,213,7,,,,,,
Diomedes,213,1,,,,,,
Kissilt,213,6,,,,,,
Norechl,212,7,,,,,,
Yesel,212,3,,,,,,
Emerrhain,211,7,,,,,,
Helm,211,4,,,,,,
Ferris,209,7,,,,,,
Ilekrome,208,8,,,,,,
Armored Queen,208,5,,,,,,
Vorn,208,7,,,,,,
Gresaria,208,7,,,,,,
Iertalinam,206,8,,,,,,
Flora,205,7,,,,,,
Regis,205,4,,,,,,
Kel,204,6,,,,,,
Gregori,204,7,,,,,,
Xil,203,5,,,,,,
Pekona,203,4,,,,,,
Eldein,203,6,,,,,,
Rickel,202,8,,,,,,
Ulcreziek,201,8,,,,,,
Deilan,201,7,,,,,,
Alcaz,200,8,,,,,,
Cade,199,7,,,,,,
Xol,198,6,,,,,,
Gilaw,198,8,,,,,,
Contradiction,198,2,,,,,,
Serinpotva,195,7,,,,,,
Melidore,194,7,,,,,,
Rianchi,194,10,,,,,,
Dellic,194,6,,,,,,
Cameral,192,2,,,,,,
Greg,190,7,,,,,,
Gna,190,6,,,,,,
Eska,190,7,,,,,,
Edellein,189,7,,,,,,
Thrissiam,188,4,,,,,,
Cetrule,187,1,,,,,,
Ferkr,186,6,,,,,,
Shirka,185,7,,,,,,
Madain,185,6,,,,,,
Leka,185,8,,,,,,
Rosech,184,9,,,,,,
Deskie,179,7,,,,,,
Teura,178,5,,,,,,
Barelle,178,7,,,,,,
Uzine,178,8,,,,,,
Vokkhar,178,8,,,,,,
Menorkel,177,8,,,,,,
Tritel,177,1,,,,,,
Jiupe,176,8,,,,,,
Serept,176,7,,,,,,
Naumel,176,7,,,,,,
Dasha,176,4,,,,,,
Eurise,175,10,,,,,,
Periss,175,2,,,,,,
Geril,175,6,,,,,,
Crusader 57,174,8,,,,,,
Maran,174,2,,,,,,
Purple Smile,172,4,,,,,,
Etrikah,170,8,,,,,,
Vernoue,170,8,,,,,,
Dyeda,170,10,,,,,,
Xarkouth,170,8,,,,,,
Zanthia,169,4,,,,,,
Zacheales,169,2,,,,,,
Alman,169,7,,,,,,
Goblin Chieftain,168,1,,,,,,
Rivel,168,6,,,,,,
Gloriam,167,8,,,,,,
Larr,167,4,,,,,,
Kiish,165,7,,,,,,
Oesca,164,8,,,,,,
Daiton,162,6,,,,,,
Flynn,162,7,,,,,,
Viri,162,7,,,,,,
Zeter,160,7,,,,,,
Heish,160,8,,,,,,
Tismel,159,6,,,,,,
Makhir,159,6,,,,,,
Sprigaena,158,8,,,,,,
Lael,157,7,,,,,,
Oiena,157,8,,,,,,
Twisted Queen,157,5,,,,,,
Emily,155,2,,,,,,
Dragial,155,7,,,,,,
Wuvren,154,4,,,,,,
Yinah,154,7,,,,,,
Embraim,153,9,,,,,,
Rosencrantz,153,9,,,,,,
Vors,152,8,,,,,,
Brilm,151,6,,,,,,
Leon,150,2,,,,,,
Aldonss,150,6,,,,,,
Drenirkesun,149,8,,,,,,
Vell,148,6,,,,,,
Silent Queen,148,5,,,,,,
Doroumata,148,8,,,,,,
The Crimson Soldier,148,1,,,,,,
Spitty,147,8,,,,,,
Uxel,147,7,,,,,,
Veine,146,9,,,,,,
Verdan,146,1,,,,,,
Griffin Prince,145,6,,,,,,
Reclis,145,8,,,,,,
Zedalien,145,7,,,,,,
Beatica,145,6,,,,,,
Flying Queen,144,5,,,,,,
Crusader 53,144,8,,,,,,
Rael,143,5,,,,,,
Nesor,142,4,,,,,,
Gaxiela,142,7,,,,,,
Sophridel,142,8,,,,,,
Duln,142,7,,,,,,
Mectail,141,8,,,,,,
Timbor,141,4,,,,,,
Salthorn,141,7,,,,,,
Zeomtoril,141,9,,,,,,
Ozem,141,7,,,,,,
Charles,141,3,,,,,,
Merxel,140,7,,,,,,
Spiderslicer,140,5,,,,,,
Pewerthe,140,8,,,,,,
Urksh,140,2,,,,,,
Orelighn,139,7,,,,,,
Eirnos,138,9,,,,,,
Emperor of Sands,138,2,,,,,,
Inky,138,6,,,,,,
Lamont,137,6,,,,,,
Levil,136,6,,,,,,
Erill,136,5,,,,,,
Tasilt,136,6,,,,,,
Ulyse,136,6,,,,,,
Firrelle,136,7,,,,,,
Possel,136,8,,,,,,
Khorpe,135,9,,,,,,
Raidpear,135,7,,,,,,
Bamer,135,6,,,,,,
Eliasor,135,4,,,,,,
Rexel,134,8,,,,,,
Bevia,134,5,,,,,,
Rophir,134,8,,,,,,
Ranga,133,7,,,,,,
Khal,133,5,,,,,,
Blake,133,2,,,,,,
Pertheine,129,6,,,,,,
Aldrail,129,8,,,,,,
Vitte,128,8,,,,,,
Gilam,128,5,,,,,,
Cers,128,1,,,,,,
Thexca,127,8,,,,,,
Stales,127,6,,,,,,
Galina,127,2,,,,,,
Se,127,7,,,,,,
Bviora,126,9,,,,,,
Elucina,126,8,,,,,,
Quiteil,125,7,,,,,,
Yorrned,125,10,,,,,,
Gadrea,125,8,,,,,,
Kilkran,125,5,,,,,,
Ilm,124,8,,,,,,
Merila,124,8,,,,,,
Voost,122,8,,,,,,
Kenva,121,9,,,,,,
Rittane,121,9,,,,,,
Loran,121,2,,,,,,
Ci,120,7,,,,,,
Swey,120,8,,,,,,
Merdon,119,8,,,,,,
Zemmy,119,10,,,,,,
Xalandrass,118,4,,,,,,
Sikeri,118,7,,,,,,
Taganchiel,118,8,,,,,,
Werri,118,8,,,,,,
Isthekenous,118,9,,,,,,
Zimrah,118,8,,,,,,
Esiela,118,7,,,,,,
Razia,118,8,,,,,,
Rastandius,118,9,,,,,,
Quexa,117,4,,,,,,
Itkisa,117,9,,,,,,
Sostrom,116,1,,,,,,
Abebi,116,7,,,,,,
Asale,116,8,,,,,,
Prildor,115,10,,,,,,
Zanze,115,9,,,,,,
Azemith,115,8,,,,,,
Crimshaw,115,7,,,,,,
Xeu,114,7,,,,,,
Maxy,114,8,,,,,,
Thunderfur,114,5,,,,,,
Venoriat,113,6,,,,,,
Shellc,113,7,,,,,,
Sal,113,3,,,,,,
Frieke,112,8,,,,,,
Peslas,110,2,,,,,,
Bowom,110,10,,,,,,
Cervial,110,1,,,,,,
Iratze,109,7,,,,,,
Grunter,108,3,,,,,,
Itreimedes,108,8,,,,,,
Poruniv,107,8,,,,,,
Saif,107,7,,,,,,
Toriska,107,1,,,,,,
Ascoden,107,8,,,,,,
Qshom,107,8,,,,,,
Gamur,107,8,,,,,,
Quietstab,106,5,,,,,,
Eltistiman,105,5,,,,,,
Yerzhen,105,7,,,,,,
Desinee,104,7,,,,,,
Garusa,103,4,,,,,,
Chaoisa,103,9,,,,,,
Geilouna,103,8,,,,,,
Leafarmor,102,7,,,,,,
Herove,102,9,,,,,,
Velden,102,8,,,,,,
Elmmet,102,6,,,,,,
Thatalocian,101,9,,,,,,
Chorisa,101,8,,,,,,
Wikir,101,6,,,,,,
Zalaiss,101,6,,,,,,
Truvia,101,5,,,,,,
Shardele,100,8,,,,,,
Delezza,100,7,,,,,,
Theofore,99,1,,,,,,
Eschowar,98,9,,,,,,
Healing Slime,97,6,,,,,,
Salvia,97,4,,,,,,
Suxhel,97,7,,,,,,
Florist,96,1,,,,,,
George,96,1,,,,,,
Farri,96,6,,,,,,
Bein,96,7,,,,,,
Pazeral,95,9,,,,,,
Tagil,95,6,,,,,,
Jackal,95,1,,,,,,
Demon King,94,2,,,,,,
Sheta,94,7,,,,,,
Delitandra,94,10,,,,,,
Edere,94,7,,,,,,
Nama,93,7,,,,,,
Viecel,92,9,,,,,,
Garsine,92,8,,,,,,
Orreh,92,7,,,,,,
Bekia,91,4,,,,,,
Gindal,91,8,,,,,,
Thornst (Knight),90,5,,,,,,
Valmira,90,5,,,,,,
Femar,90,7,,,,,,
Vaitsha,90,6,,,,,,
Seemutor,90,8,,,,,,
Raich,89,9,,,,,,
Jerci,89,6,,,,,,
Cetris,88,7,,,,,,
Rievan,88,3,,,,,,
Roja,88,10,,,,,,
Inreza,88,7,,,,,,
Capoinelia,87,8,,,,,,
Teliv,87,6,,,,,,
Ierwyn,87,8,,,,,,
Igolze,87,8,,,,,,
Moltin,87,10,,,,,,
Prixall,86,8,,,,,,
Etrogaer,86,9,,,,,,
Korizan,86,9,,,,,,
Merindue,85,8,,,,,,
Theice,85,9,,,,,,
Hscel,85,8,,,,,,
Hoisq,84,10,,,,,,
Collos,84,9,,,,,,
Cecille,84,4,,,,,,
Bealt,84,6,,,,,,
Caoraz,83,9,,,,,,
Krsysl,82,2,,,,,,
Geram,82,4,,,,,,
Shieldscale,82,6,,,,,,
Sharkcaptain,82,7,,,,,,
Tov,81,8,,,,,,
Hammera,81,7,,,,,,
Erille,81,4,,,,,,
Xierca,81,8,,,,,,
Issa,81,5,,,,,,
Reagen,81,9,,,,,,
Jelov,80,4,,,,,,
Colovt,80,8,,,,,,
Paterghost,80,8,,,,,,
Isodore,79,4,,,,,,
Selphid Geneva,79,9,,,,,,
Delivan,79,7,,,,,,
Yderigrisel,79,7,,,,,,
Theillige,78,9,,,,,,
Esor,78,8,,,,,,
Corregrione,78,10,,,,,,
Shaullile,78,9,,,,,,
Caroline,77,6,,,,,,
Bepol,77,8,,,,,,
Leprel,77,8,,,,,,
Ramone,77,9,,,,,,
Errif,76,5,,,,,,
Ieneessa,76,2,,,,,,
Maksie,76,8,,,,,,
Thivian,75,6,,,,,,
Ecleeif,75,8,,,,,,
Baosar,75,7,,,,,,
Abelesque,75,8,,,,,,
Gaoelos,75,9,,,,,,
Zaltha,75,10,,,,,,
Beycalt,75,6,,,,,,
Jekilt,74,6,,,,,,
Seelaw,74,8,,,,,,
Vaulont,74,8,,,,,,
Qissa,74,7,,,,,,
Sveha,73,8,,,,,,
Oredien,73,8,,,,,,
Andra,73,9,,,,,,
Caddin,73,6,,,,,,
Rinu,73,2,,,,,,
Luaar,73,8,,,,,,
Reikhle,72,6,,,,,,
Astival,72,10,,,,,,
Ossky,72,7,,,,,,
Khoteizetrough,72,8,,,,,,
Tessia,72,4,,,,,,
Pralcem,72,5,,,,,,
Hastel,71,6,,,,,,
Sa’la,71,7,,,,,,
Kessice,71,8,,,,,,
Goelv,71,8,,,,,,
Helessia,71,6,,,,,,
Hickery,70,8,,,,,,
Somo,70,8,,,,,,
Thornst (Halfseekers),70,5,,,,,,
Toldos,70,7,,,,,,
Demerra,70,7,,,,,,
Emper,70,3,,,,,,
Voita,70,8,,,,,,
Archer B12,70,7,,,,,,
Thresk,69,3,,,,,,
Joreldyn,69,8,,,,,,
Dictum,69,8,,,,,,
Prha,69,8,,,,,,
Lorent,69,6,,,,,,
Asgra,69,10,,,,,,
Geraeri,69,8,,,,,,
Hetarria,69,7,,,,,,
Abel,68,8,,,,,,
Velzimri,68,8,,,,,,
Nerhs,68,8,,,,,,
Lacel,68,7,,,,,,
Firrus,68,9,,,,,,
Falamizural,68,10,,,,,,
Yimur,68,6,,,,,,
Silmak,67,6,,,,,,
Thallisa,67,10,,,,,,
Sithorn,67,7,,,,,,
Chise,67,6,,,,,,
Ytol,66,7,,,,,,
Imor,66,6,,,,,,
Bazeth,66,7,,,,,,
Khaze,66,8,,,,,,
Queravia,65,4,,,,,,
Galuc,65,3,,,,,,
Novakya,65,6,,,,,,
Salui,64,8,,,,,,
Shauna,64,8,,,,,,
Bugear,64,3,,,,,,
Zelir,63,8,,,,,,
Mena,63,8,,,,,,
Coretine,63,1,,,,,,
Dekava,63,8,,,,,,
Itreus,63,9,,,,,,
Eldima,63,6,,,,,,
Pattin,62,5,,,,,,
Vincent,62,2,,,,,,
Thilowen,62,9,,,,,,
Timor,62,3,,,,,,
Sevil,62,10,,,,,,
Tomoor,62,8,,,,,,
Touma,62,8,,,,,,
Edward,62,2,,,,,,
Sylind,61,6,,,,,,
Thift,61,7,,,,,,
First Grand Queen,61,1,,,,,,
Novethur,61,8,,,,,,
Timewalker,61,8,,,,,,
Thuile,61,8,,,,,,
Leireit,61,8,,,,,,
Prophet,61,2,,,,,,
Cirsa,60,7,,,,,,
Terigrals,60,8,,,,,,
Ad,60,4,,,,,,
Merlilon,60,5,,,,,,
Eribis,60,8,,,,,,
Uleth,60,4,,,,,,
Louseg,60,9,,,,,,
Sorron,60,9,,,,,,
Ducaz,59,8,,,,,,
Shallel,59,7,,,,,,
Calliope,59,4,,,,,,
Soew,59,8,,,,,,
Mire,59,7,,,,,,
Dorkel,59,9,,,,,,
Kilmet,59,5,,,,,,
Chesacre,58,6,,,,,,
Rellmel,58,8,,,,,,
Oor,58,8,,,,,,
Ivery,58,8,,,,,,
Thaina,58,6,,,,,,
Siyal,57,4,,,,,,
Darsul,57,8,,,,,,
Bezhavil,57,6,,,,,,
Nemor,56,3,,,,,,
Devail,56,7,,,,,,
Reizet,56,8,,,,,,
Homle,56,10,,,,,,
Zoler,56,9,,,,,,
Jelaim,56,6,,,,,,
Sidney,56,7,,,,,,
Buleth,55,1,,,,,,
Zassil,55,5,,,,,,
Coldcream,55,10,,,,,,
Neranthei,55,7,,,,,,
Sticks,55,9,,,,,,
Scalespeaker,55,7,,,,,,
Zavarial,55,7,,,,,,
Sidinel,55,7,,,,,,
Yisht,55,7,,,,,,
Elosaith,55,10,,,,,,
Vexil,55,8,,,,,,
Gorry,55,8,,,,,,
Torthe,55,9,,,,,,
Vrilla,54,10,,,,,,
Shaik,54,8,,,,,,
Nelliam,54,5,,,,,,
Rae,54,7,,,,,,
Toreel,54,9,,,,,,
Quelm,54,6,,,,,,
Malluni,53,10,,,,,,
Mirin,53,6,,,,,,
Irrel,52,9,,,,,,
Seer of Steel,52,6,,,,,,
Ramia,52,8,,,,,,
Merindius,52,10,,,,,,
Vensha,52,9,,,,,,
Ulia,52,4,,,,,,
Petia,52,10,,,,,,
Gorethem,51,9,,,,,,
Tottenval,51,4,,,,,,
Heic,51,6,,,,,,
Shein,51,8,,,,,,
Tofte,51,6,,,,,,
Hexa,51,8,,,,,,
Feathi,50,7,,,,,,
Tourant,50,5,,,,,,
Edima,50,6,,,,,,
Asoma,50,7,,,,,,
Ikl,49,8,,,,,,
Nelrra,49,7,,,,,,
Chimmy,49,6,,,,,,
Redit,49,7,,,,,,
Hissle,49,6,,,,,,
Gewilena,49,8,,,,,,
Sillias,49,9,,,,,,
Gailt,49,6,,,,,,
Atmodeca,48,10,,,,,,
Astotha,48,8,,,,,,
Reizue,48,9,,,,,,
Madiur,48,8,,,,,,
Howkless,48,10,,,,,,
Haldagaz,48,6,,,,,,
Hisaille,48,8,,,,,,
Sooralese,48,9,,,,,,
Rhata,48,6,,,,,,
Hetessana,47,7,,,,,,
Ereiyne,47,8,,,,,,
Cynthia,47,2,,,,,,
Egress,47,8,,,,,,
Izikere,47,9,,,,,,
Jespeire,47,9,,,,,,
Rekhassha,47,7,,,,,,
Sokkel,47,8,,,,,,
First Flute,47,9,,,,,,
Losve,47,10,,,,,,
Twin Stripes,46,4,,,,,,
Zirre,46,8,,,,,,
Yolv,46,8,,,,,,
Tivete,46,10,,,,,,
Thien,46,7,,,,,,
Milaw,46,9,,,,,,
Yoriven,46,8,,,,,,
Jerom,46,2,,,,,,
Keith,46,4,,,,,,
Leneva,46,9,,,,,,
His-Xe,46,8,,,,,,
Ressk,45,8,,,,,,
Maviss,45,4,,,,,,
Dorgon,45,8,,,,,,
Tusxe,45,8,,,,,,
Loerhin,45,9,,,,,,
Eun,45,7,,,,,,
Curulac,45,3,,,,,,
Pelico,44,6,,,,,,
Invek,44,7,,,,,,
Tenir,44,8,,,,,,
Teyis,44,9,,,,,,
Filk,43,5,,,,,,
Dulfe,43,6,,,,,,
Solvet,43,8,,,,,,
Merzun,43,8,,,,,,
Welsca,43,4,,,,,,
Voreca,43,10,,,,,,
Beton,43,8,,,,,,
Shedrkh,43,8,,,,,,
Milka,42,6,,,,,,
Halassia,42,4,,,,,,
Nekhti,42,7,,,,,,
Kerone,42,8,,,,,,
Itimen,42,9,,,,,,
Elgrinna,42,8,,,,,,
Vexx,42,9,,,,,,
Emrist,42,8,,,,,,
Pirose,42,6,,,,,,
Mica,41,6,,,,,,
Yameth,41,9,,,,,,
Rozcal,41,9,,,,,,
Vossk,40,10,,,,,,
Yeire,40,9,,,,,,
Eitha,40,8,,,,,,
Alime,40,6,,,,,,
Igniz,40,8,,,,,,
Kent Scott,40,2,,,,,,
Droppe,40,8,,,,,,
Sainath,40,7,,,,,,
Thriss,40,3,,,,,,
Keireen,40,8,,,,,,
Baeris,40,9,,,,,,
Telleis,40,9,,,,,,
Dromenl,39,8,,,,,,
Laisa,39,6,,,,,,
King Arthur,39,1,,,,,,
Veerni,39,10,,,,,,
Dealia,39,7,,,,,,
Rendala,39,4,,,,,,
Fultoolm,39,7,,,,,,
Redoris,38,8,,,,,,
Neriha,38,7,,,,,,
Gollesume,38,10,,,,,,
Nomen,38,8,,,,,,
Chole,38,2,,,,,,
Loreiil,38,9,,,,,,
Wilen,38,2,,,,,,
Lolsed,38,10,,,,,,
Cubol,38,8,,,,,,
Nekhret,38,3,,,,,,
Erik,38,7,,,,,,
Furfur,37,8,,,,,,
Priya,37,6,,,,,,
Jurix,37,3,,,,,,
Deriad,37,9,,,,,,
Yalla,37,6,,,,,,
Arcanis,37,10,,,,,,
Shurein,37,8,,,,,,
Lidera,37,9,,,,,,
Urele,36,6,,,,,,
Cein,36,9,,,,,,
Umbral,36,3,,,,,,
Ellet,36,8,,,,,,
Riz,36,9,,,,,,
Greina,36,7,,,,,,
Olvos,36,10,,,,,,
Omniscel,36,8,,,,,,
Nicola,35,6,,,,,,
Comrei,35,9,,,,,,
Svinta,35,8,,,,,,
Perale,35,8,,,,,,
Antal,35,9,,,,,,
Todel,35,6,,,,,,
Jerimy,35,8,,,,,,
Somillune,35,8,,,,,,
Riefel,35,5,,,,,,
Tallis,34,4,,,,,,
Voloke,34,9,,,,,,
Tengrip,34,4,,,,,,
Fulviolo,34,4,,,,,,
Pexalix,34,9,,,,,,
Beacle,34,9,,,,,,
Elisial,34,6,,,,,,
Hesseif,34,5,,,,,,
Makki,33,6,,,,,,
Maef,33,8,,,,,,
Xorne,33,9,,,,,,
Fyres,33,9,,,,,,
Dovom,33,9,,,,,,
Merec,33,3,,,,,,
Heris,33,8,,,,,,
Teor,33,7,,,,,,
Chickenruler,33,10,,,,,,
Warsh,33,1,,,,,,
Noveghin,33,10,,,,,,
Continuum,33,8,,,,,,
Lesy,33,8,,,,,,
Basal,33,9,,,,,,
Veeid,32,7,,,,,,
Johanas,32,4,,,,,,
Kelm,32,6,,,,,,
Khalid,32,6,,,,,,
Zalthia,32,4,,,,,,
Oswalt,32,5,,,,,,
Andres,32,5,,,,,,
Horsthe,32,8,,,,,,
Leiithe,32,9,,,,,,
Jeva,32,7,,,,,,
Vorrmen,32,9,,,,,,
Worpell,32,9,,,,,,
Betta,31,8,,,,,,
Rlint,31,9,,,,,,
Raeh,31,4,,,,,,
Bastiom,31,4,,,,,,
Cormelex,31,9,,,,,,
Sympathy,31,6,,,,,,
Soner,31,8,,,,,,
Culivan,31,9,,,,,,
Inkpaper,31,9,,,,,,
Votto,31,10,,,,,,
Baiss,30,5,,,,,,
Czkelcill,30,7,,,,,,
Aldenon,30,6,,,,,,
Tugrim,30,4,,,,,,
Crookfingers,30,10,,,,,,
Calistoca,30,7,,,,,,
Ocello,30,9,,,,,,
Nollesc,30,9,,,,,,
Solwes,30,9,,,,,,
Jilta,30,6,,,,,,
Jordes,30,8,,,,,,
Cessic,30,3,,,,,,
Geyasa,30,6,,,,,,
Rital,30,6,,,,,,
Fantim,30,10,,,,,,
Lellia,30,6,,,,,,
Kami,29,6,,,,,,
Culyss,29,2,,,,,,
Ivenius,29,8,,,,,,
Seql,29,7,,,,,,
Ikrr,29,7,,,,,,
Toerika,29,9,,,,,,
Nolocks,29,7,,,,,,
Eithelenidrel,29,9,,,,,,
Paethex,29,8,,,,,,
Sulaake,29,8,,,,,,
Dewlana,29,7,,,,,,
Kesa,29,6,,,,,,
Dorigal,29,9,,,,,,
Doren,29,9,,,,,,
Dorekh,29,8,,,,,,
Aleieta,29,9,,,,,,
Wirclaw,28,4,,,,,,
Molte,28,6,,,,,,
Sang-min,28,7,,,,,,
Kishkeria,28,5,,,,,,
Worroar,28,7,,,,,,
Isten,28,10,,,,,,
Jossec,28,10,,,,,,
Anlam,28,10,,,,,,
Cosmenaut,28,9,,,,,,
Dramaw,28,8,,,,,,
Gadiekh,28,8,,,,,,
Lectara,27,9,,,,,,
Xeppal,27,7,,,,,,
Shineshield,27,7,,,,,,
Lillian,27,7,,,,,,
Giqe,27,9,,,,,,
Thef,27,6,,,,,,
Vitin,27,8,,,,,,
Grisa,27,8,,,,,,
Lloyd,27,8,,,,,,
Genviere,26,5,,,,,,
Batman,26,2,,,,,,
Wesixa,26,8,,,,,,
Selentierre,26,6,,,,,,
Midias,26,9,,,,,,
Allaif,26,5,,,,,,
Yiraz,26,8,,,,,,
Fetale,26,8,,,,,,
Padurn,26,6,,,,,,
Medacium,26,10,,,,,,
Forount,26,9,,,,,,
Eclizza,26,8,,,,,,
Winta,26,6,,,,,,
Pisca,25,7,,,,,,
Ellic,25,8,,,,,,
Neirute,25,10,,,,,,
Macnest,25,10,,,,,,
Inconsolable,25,9,,,,,,
Vuul,25,8,,,,,,
Horre,25,9,,,,,,
Jalte,25,9,,,,,,
Roell,25,8,,,,,,
Udatron,25,8,,,,,,
Mexy,25,7,,,,,,
Ukrina,24,4,,,,,,
Satel,24,8,,,,,,
Beshard,24,6,,,,,,
Istrix,24,9,,,,,,
Cimeca,24,5,,,,,,
Ithaca,24,9,,,,,,
Uziel,24,8,,,,,,
Comois,24,9,,,,,,
Devrkr,24,7,,,,,,
Lorenzo,24,6,,,,,,
Canrel,24,7,,,,,,
Grass Shell,24,8,,,,,,
Theilo,24,9,,,,,,
Mulre,24,8,,,,,,
Nomna,24,8,,,,,,
Menlir,23,10,,,,,,
Revoid,23,10,,,,,,
Maximillian,23,10,,,,,,
Caleis,23,9,,,,,,
Cedava,23,7,,,,,,
Teithde,23,9,,,,,,
Besoid,23,10,,,,,,
Yrimen,23,10,,,,,,
Septis,23,8,,,,,,
Zulv,23,8,,,,,,
Heorth,23,9,,,,,,
Raava,23,10,,,,,,
Medul,23,8,,,,,,
Niila,23,7,,,,,,
Gelden,22,7,,,,,,
Terrisca,22,7,,,,,,
Elm,22,6,,,,,,
Izreal,22,8,,,,,,
Requiel,22,8,,,,,,
Desais,22,8,,,,,,
Sillk,22,6,,,,,,
Meritha,22,8,,,,,,
Lareqol,22,9,,,,,,
Realday,22,9,,,,,,
Bastam,22,3,,,,,,
Dirtmouth,22,8,,,,,,
Khetieve,22,8,,,,,,
Keilam,22,5,,,,,,
Anabelle,22,3,,,,,,
Orni,22,8,,,,,,
Alchremm,22,8,,,,,,
Ureita,22,8,,,,,,
Rocksoup,22,3,,,,,,
Narkr,22,8,,,,,,
Loierdath,22,10,,,,,,
Tubeliges,21,8,,,,,,
Exara,21,4,,,,,,
Mel,21,7,,,,,,
Vexcla,21,8,,,,,,
Veler,21,10,,,,,,
Coroise,21,6,,,,,,
Ulhouse,21,10,,,,,,
Runel,21,7,,,,,,
Laskaillia,21,5,,,,,,
Poire,21,8,,,,,,
Selica,21,9,,,,,,
Ingrela,21,6,,,,,,
Ulssb,21,7,,,,,,
Cazcall,21,9,,,,,,
Leapwolf,21,7,,,,,,
Aotazen,21,9,,,,,,
Rodissc,21,9,,,,,,
Malia,21,7,,,,,,
Estvie,21,9,,,,,,
Pulcre,21,8,,,,,,
Irry,21,8,,,,,,
Nove,21,8,,,,,,
Asrira,21,6,,,,,,
Xith,21,8,,,,,,
Amared,21,9,,,,,,
Saimh,21,9,,,,,,
Albren,20,9,,,,,,
The Duck,20,9,,,,,,
Xor,20,4,,,,,,
Jenkil,20,6,,,,,,
Lischelle,20,6,,,,,,
Humalepre,20,8,,,,,,
Singy,20,9,,,,,,
Bessia,20,9,,,,,,
Fluffles,20,6,,,,,,
Meirkos,20,9,,,,,,
Jobbi,20,10,,,,,,
Reham,20,8,,,,,,
Callidaz,20,7,,,,,,
Yerwite,20,9,,,,,,
Cureq,20,9,,,,,,
Relin,20,8,,,,,,
Maev,20,9,,,,,,
Begal,20,7,,,,,,
Geala,20,7,,,,,,
Razzimir,20,8,,,,,,
Haley,20,7,,,,,,
Stenei,20,1,,,,,,
Moirmen,20,9,,,,,,
Karsaeu-Dequoa,20,7,,,,,,
Jsse,20,8,,,,,,
Kerra,19,7,,,,,,
Dolenm,19,8,,,,,,
Reneil,19,9,,,,,,
Vuc,19,8,,,,,,
Pihava,19,6,,,,,,
Mavi,19,6,,,,,,
Seru’nial,19,8,,,,,,
Terreskil,19,7,,,,,,
Silvermop,19,9,,,,,,
Paxhal,19,7,,,,,,
Zenna,19,7,,,,,,
Corbbin,19,9,,,,,,
Zekyria,19,4,,,,,,
Dolom,19,7,,,,,,
Ophelia,19,3,,,,,,
Ruveden,18,9,,,,,,
Seele,18,9,,,,,,
Taxus,18,7,,,,,,
Idevin,18,7,,,,,,
Jeck,18,8,,,,,,
Medel,18,6,,,,,,
Bilt,18,8,,,,,,
Muzarre,18,7,,,,,,
Setth,18,8,,,,,,
Neverwhine,18,8,,,,,,
Dorim,18,9,,,,,,
Holdnose,18,7,,,,,,
Romen,18,8,,,,,,
Traffy,18,9,,,,,,
Hilten,18,6,,,,,,
Dascy,18,8,,,,,,
Geillsten,18,6,,,,,,
Ullica,17,6,,,,,,
Messill,17,8,,,,,,
Derros,17,9,,,,,,
Vendyne,17,9,,,,,,
Zanzeil,17,8,,,,,,
Adalton,17,7,,,,,,
Vultapheles,17,8,,,,,,
Gaills,17,9,,,,,,
Thricia,17,9,,,,,,
Tierres,17,9,,,,,,
Ireil,17,9,,,,,,
Zai,17,7,,,,,,
Zoreik,17,9,,,,,,
Mudsa,17,8,,,,,,
Arveil,17,7,,,,,,
Sharpstick,17,8,,,,,,
Sapki,17,7,,,,,,
Utel,17,8,,,,,,
Jacques,17,7,,,,,,
Dolost,17,9,,,,,,
Josial,17,6,,,,,,
Serral,17,8,,,,,,
Whet,17,8,,,,,,
Yoiss,16,9,,,,,,
Nune,16,4,,,,,,
Lotorghast,16,9,,,,,,
Culnous,16,8,,,,,,
Regein,16,7,,,,,,
Keida,16,6,,,,,,
Sidel,16,7,,,,,,
Greex,16,8,,,,,,
Minerva,16,5,,,,,,
Tobi,16,6,,,,,,
Loust,16,8,,,,,,
Yoreth,16,9,,,,,,
Litigos,16,9,,,,,,
Orica,16,6,,,,,,
Desril,16,6,,,,,,
Boultend,16,6,,,,,,
Mousebite,16,10,,,,,,
Melinni,16,6,,,,,,
Wullst,15,4,,,,,,
Silver Pine,15,7,,,,,,
Ierythe,15,9,,,,,,
Menorome,15,6,,,,,,
Yeque,15,8,,,,,,
Xenic,15,7,,,,,,
Vakk,15,5,,,,,,
Rasen,15,9,,,,,,
Touse,15,8,,,,,,
Toimt,15,9,,,,,,
Regisav,15,6,,,,,,
Hisnis,15,9,,,,,,
Lacten,15,7,,,,,,
Furgatherer,15,5,,,,,,
Calexn,15,9,,,,,,
Ruis,15,8,,,,,,
Heka,15,8,,,,,,
Theogrin,15,9,,,,,,
Ridley,15,2,,,,,,
Citz,15,8,,,,,,
Ollosq,15,9,,,,,,
Pelessi,15,8,,,,,,
Raeta,15,10,,,,,,
Nube,15,8,,,,,,
Calog,15,8,,,,,,
Lothen,15,9,,,,,,
Seky,14,8,,,,,,
Neuz,14,8,,,,,,
Herea,14,8,,,,,,
Nemed,14,8,,,,,,
Aradien,14,9,,,,,,
Aranna,14,8,,,,,,
Thaime,14,6,,,,,,
Haviet,14,5,,,,,,
Rekai,14,8,,,,,,
Deinol,14,9,,,,,,
Tefret,14,6,,,,,,
Sitq,14,8,,,,,,
Raist,14,6,,,,,,
Dulc,14,10,,,,,,
Menisi,14,8,,,,,,
Disabella,14,7,,,,,,
Angelica,14,6,,,,,,
Balanceboard,14,9,,,,,,
Humric,14,6,,,,,,
Alorelle,14,9,,,,,,
Rosiere,14,9,,,,,,
Cormeng,14,9,,,,,,
Uenoix,14,9,,,,,,
Esse,14,8,,,,,,
Daufica,14,6,,,,,,
Jvaile,14,6,,,,,,
Starfold,14,8,,,,,,
Clara,14,3,,,,,,
Aria,14,6,,,,,,
Esceit,14,8,,,,,,
Loiqe,14,10,,,,,,
Rodivek,14,6,,,,,,
Zeci,14,7,,,,,,
Virilien,14,8,,,,,,
Ressga,14,9,,,,,,
Shoeme,14,9,,,,,,
Bessachidia,14,6,,,,,,
Primera,14,9,,,,,,
Patricia,14,4,,,,,,
Vhedel,14,7,,,,,,
Cassa,14,5,,,,,,
Veel,13,6,,,,,,
Gamith,13,8,,,,,,
Etretta,13,4,,,,,,
Loreto,13,9,,,,,,
Xeni,13,10,,,,,,
Xelic,13,6,,,,,,
Saracandre,13,8,,,,,,
Coutei,13,8,,,,,,
Aca,13,8,,,,,,
Treland,13,4,,,,,,
Russivec,13,9,,,,,,
Palec,13,9,,,,,,
Lim,13,3,,,,,,
Manoerhog,13,9,,,,,,
Barsoijou,13,8,,,,,,
Quova,13,10,,,,,,
Yellie,13,8,,,,,,
Rodden,13,9,,,,,,
Werdin,13,7,,,,,,
Chellise,13,6,,,,,,
Chein,13,8,,,,,,
Zara,13,2,,,,,,
Vitnay,13,10,,,,,,
Halfblade,13,8,,,,,,
Nevun,13,9,,,,,,
Blaik,13,5,,,,,,
Gores,13,9,,,,,,
Cloudst,13,9,,,,,,
Lilntas,13,9,,,,,,
Lemiss,13,8,,,,,,
Chaita,13,6,,,,,,
Xorespe,12,9,,,,,,
Lemocles,12,9,,,,,,
Cerani,12,6,,,,,,
Yesne,12,9,,,,,,
Xersia,12,4,,,,,,
Sailt,12,7,,,,,,
Cazmaw,12,10,,,,,,
Ashel,12,8,,,,,,
Lastimeth,12,9,,,,,,
Ghamen,12,8,,,,,,
Demastel,12,8,,,,,,
Nerrissa,12,6,,,,,,
Oldr,12,9,,,,,,
Grimvol,12,2,,,,,,
Qum,12,3,,,,,,
Biscale,12,9,,,,,,
Rigrald,12,8,,,,,,
Messyl,12,2,,,,,,
Domene,12,9,,,,,,
Dolven,12,9,,,,,,
Bault,12,6,,,,,,
Straesta,12,8,,,,,,
Joam,12,8,,,,,,
Vidam,12,8,,,,,,
Diana,12,6,,,,,,
Kositer,12,8,,,,,,
Alamaran,12,7,,,,,,
Fahstrader,12,10,,,,,,
Rykhai,12,5,,,,,,
Yiew,12,8,,,,,,
Bressa,12,8,,,,,,
Corek,11,9,,,,,,
Anwyne,11,9,,,,,,
Faigen,11,6,,,,,,
Rometh,11,1,,,,,,
Azole,11,8,,,,,,
Totosell,11,8,,,,,,
Roreh,11,9,,,,,,
Ikeiret,11,10,,,,,,
Zinni,11,10,,,,,,
Prall,11,6,,,,,,
Mihka,11,6,,,,,,
Bodswen,11,8,,,,,,
Pulsg,11,7,,,,,,
Relladen,11,8,,,,,,
Jekle,11,7,,,,,,
Davi,11,7,,,,,,
Astritha,11,8,,,,,,
Orell,11,8,,,,,,
Damia,11,4,,,,,,
Wildkeeper,11,6,,,,,,
Hevcla,11,7,,,,,,
Kaelma,11,6,,,,,,
Nathald,11,6,,,,,,
Eisst,11,8,,,,,,
Shailt,11,6,,,,,,
Velcan,11,6,,,,,,
Thasius,11,4,,,,,,
Fea,11,5,,,,,,
Jexam,11,6,,,,,,
Hudson,11,8,,,,,,
Leire,11,8,,,,,,
Petria,11,4,,,,,,
Melika,11,7,,,,,,
Lenisa,11,7,,,,,,
Reimesk,11,10,,,,,,
Zebvron,11,9,,,,,,
Hekra,11,2,,,,,,
Necla,11,8,,,,,,
Donbaaar,11,8,,,,,,
Virrt,10,9,,,,,,
Starstarer,10,5,,,,,,
Romin,10,6,,,,,,
Venasteel,10,10,,,,,,
Iloid,10,9,,,,,,
Orangepoo,10,3,,,,,,
Booste,10,10,,,,,,
Podk,10,8,,,,,,
Gaellis,10,10,,,,,,
Feesken,10,7,,,,,,
Tolei,10,9,,,,,,
Salex,10,10,,,,,,
Bessr,10,6,,,,,,
Zessoprica,10,8,,,,,,
Clatterface,10,10,,,,,,
Beclaire,10,8,,,,,,
Ulvial,10,4,,,,,,
Emhri,10,8,,,,,,
Dev,10,7,,,,,,
Jexal,10,8,,,,,,
Lotse,10,8,,,,,,
Citivican,10,8,,,,,,
Jexishe,10,8,,,,,,
Essil,10,6,,,,,,
Ulree,10,7,,,,,,
Feifen,10,9,,,,,,
Esi,10,7,,,,,,
Ermest,10,10,,,,,,
Metoish,10,8,,,,,,
Godreiad,10,10,,,,,,
Mixasa,10,6,,,,,,
Lischelles,10,6,,,,,,
Timgal,10,5,,,,,,
Mesiel,10,6,,,,,,
Meshawn,10,10,,,,,,
Levirns,10,9,,,,,,
Forcel,10,8,,,,,,
Kelsa,10,6,,,,,,
Shain,10,8,,,,,,
Assaln,10,7,,,,,,
Feya,10,3,,,,,,
Reikset,10,8,,,,,,
Shakra,10,8,,,,,,
Ennerev,10,10,,,,,,
Calert,10,7,,,,,,
Correy,10,9,,,,,,
Joiah,10,5,,,,,,
Abrichej,10,9,,,,,,
Melbore,10,5,,,,,,
Salisa,9,6,,,,,,
Elroz,9,8,,,,,,
Leftstep,9,3,,,,,,
Tkayl,9,8,,,,,,
Egliv,9,6,,,,,,
Menob,9,7,,,,,,
Vebrynthe,9,8,,,,,,
Erashelle,9,6,,,,,,
Kelysta,9,6,,,,,,
Silverboots,9,9,,,,,,
Vitor,9,8,,,,,,
Belic,9,6,,,,,,
Herna,9,9,,,,,,
Chesri,9,7,,,,,,
Janica,9,4,,,,,,
Eresc,9,8,,,,,,
Beansi,9,9,,,,,,
Oracle of Elbe,9,7,,,,,,
Vorm,9,9,,,,,,
Yebior,9,4,,,,,,
Feldir,9,6,,,,,,
Giren,9,7,,,,,,
Sarathine,9,8,,,,,,
Weki,9,7,,,,,,
Rascale,9,9,,,,,,
Lastere,9,9,,,,,,
Desirel,9,6,,,,,,
Hareithion,9,10,,,,,,
Qin’tevf’al,9,8,,,,,,
Gavros,9,9,,,,,,
Evilknee,9,10,,,,,,
Areis,9,8,,,,,,
Rojer,9,10,,,,,,
Aluminum,9,7,,,,,,
Honst,9,8,,,,,,
Loqi,9,9,,,,,,
Jek,9,6,,,,,,
Zoe,9,1,,,,,,
Marthos,9,8,,,,,,
Boiregon,9,9,,,,,,
Ixeth,9,9,,,,,,
Maukset,9,10,,,,,,
Mneic,9,8,,,,,,
Irwhil,9,8,,,,,,
Yeiyan,9,9,,,,,,
Inerta,9,7,,,,,,
Zushe-Greso,9,8,,,,,,
Xeron,9,9,,,,,,
Tanel,9,6,,,,,,
Ingon,9,9,,,,,,
Solen,9,8,,,,,,
Greenscale,8,6,,,,,,
Casklal,8,7,,,,,,
Atter,8,8,,,,,,
Atrenve,8,10,,,,,,
Eim,8,6,,,,,,
Elaire,8,8,,,,,,
Okr,8,7,,,,,,
Oelvix,8,9,,,,,,
Toriegh,8,9,,,,,,
Cellic,8,6,,,,,,
Droshi,8,8,,,,,,
Costere,8,9,,,,,,
Yapper,8,6,,,,,,
Nutball,8,8,,,,,,
Michael,8,6,,,,,,
Jeffil,8,6,,,,,,
Jerat,8,6,,,,,,
Arensspe,8,9,,,,,,
Filip,8,6,,,,,,
Turric,8,6,,,,,,
Yeart,8,7,,,,,,
Shanker,8,8,,,,,,
Teriska,8,6,,,,,,
Bellien,8,9,,,,,,
Nightair,8,8,,,,,,
Dalius,8,8,,,,,,
Samile,8,6,,,,,,
Kadane,8,9,,,,,,
Rheite,8,9,,,,,,
Rhikel,8,7,,,,,,
Torgrass,8,9,,,,,,
Izimire,8,8,,,,,,
Wered,8,8,,,,,,
Phesofi,8,6,,,,,,
Welle,8,7,,,,,,
Eydole,8,9,,,,,,
Beshaid,8,7,,,,,,
Morren,8,9,,,,,,
Rossk,8,9,,,,,,
Kithru,8,9,,,,,,
Navien,8,9,,,,,,
Mezha,8,6,,,,,,
Wellim,8,5,,,,,,
Centis,8,8,,,,,,
Goeln,8,1,,,,,,
Agoeith,8,9,,,,,,
Caleffe,8,6,,,,,,
Fess,8,5,,,,,,
Acheranai,8,10,,,,,,
Raisha,8,3,,,,,,
Calithe,8,10,,,,,,
Yithiuqess,8,8,,,,,,
Sisth,8,7,,,,,,
Malst,8,10,,,,,,
Thorven,8,8,,,,,,
Solhen,8,9,,,,,,
Myron,8,7,,,,,,
Zada,8,10,,,,,,
Gailenwright,8,7,,,,,,
Keisha,7,9,,,,,,
Saturniel,7,8,,,,,,
Gallheart,7,6,,,,,,
Lykesa,7,7,,,,,,
Anders,7,6,,,,,,
Imissi,7,5,,,,,,
Cassicel,7,6,,,,,,
Bitefly,7,3,,,,,,
Ghalim,7,6,,,,,,
Yvony,7,1,,,,,,
Marrieh,7,8,,,,,,
Zeshi,7,7,,,,,,
Adroxia,7,10,,,,,,
Meif,7,10,,,,,,
Diotrichne,7,8,,,,,,
Urei,7,10,,,,,,
Zekia,7,7,,,,,,
Giyed,7,9,,,,,,
Sarkoi,7,10,,,,,,
Perbne,7,8,,,,,,
Gorne,7,9,,,,,,
Rudell,7,8,,,,,,
Possive,7,10,,,,,,
Theras,7,4,,,,,,
Roreen,7,9,,,,,,
Naithorne,7,9,,,,,,
Kerten,7,7,,,,,,
Wetiole,7,9,,,,,,
Wernel,7,4,,,,,,
Naunce,7,9,,,,,,
Ricuv,7,8,,,,,,
Ulkel,7,6,,,,,,
Chenera,7,8,,,,,,
Coore,7,9,,,,,,
Helma,7,6,,,,,,
Werirose,7,9,,,,,,
Angest,7,9,,,,,,
Reric,7,6,,,,,,
Jerad,7,2,,,,,,
Herrsk,7,6,,,,,,
Rells,7,8,,,,,,
Hexilt,7,6,,,,,,
Picker,7,9,,,,,,
Belfaus,7,6,,,,,,
Palke,7,6,,,,,,
Wispel,7,7,,,,,,
Occi,7,9,,,,,,
Iyr,7,9,,,,,,
Justrust,7,3,,,,,,
Cosoi,7,9,,,,,,
Kelthor,7,2,,,,,,
Hellei,7,9,,,,,,
Illbreath,7,4,,,,,,
Qwery,7,8,,,,,,
Kendra,7,8,,,,,,
Teic,7,8,,,,,,
Bearbones,7,8,,,,,,
Suvelta,7,7,,,,,,
Pattelscale,7,10,,,,,,
Nirayicel,7,8,,,,,,
Vamolt,7,9,,,,,,
Pemai,7,9,,,,,,
Elaiere,6,8,,,,,,
Ulevissia,6,7,,,,,,
Pedne,6,10,,,,,,
Pethore,6,8,,,,,,
Pricky,6,7,,,,,,
Dassa,6,6,,,,,,
Ranmeid,6,9,,,,,,
Zidele,6,7,,,,,,
Zess,6,7,,,,,,
Resevn,6,9,,,,,,
Reson,6,8,,,,,,
Zemize,6,9,,,,,,
Zemine,6,10,,,,,,
Hammersteel,6,5,,,,,,
Rickmeld,6,6,,,,,,
Rittl,6,8,,,,,,
Rockerton,6,10,,,,,,
Rouble,6,9,,,,,,
Berythe,6,8,,,,,,
Calabrian,6,1,,,,,,
Eigusha,6,6,,,,,,
Royald,6,9,,,,,,
Gorthes,6,9,,,,,,
Overstone,6,8,,,,,,
Ostrigael,6,8,,,,,,
Kohr,6,9,,,,,,
Ostevar,6,9,,,,,,
Lacres,6,8,,,,,,
Sailclaw,6,8,,,,,,
Orrl,6,8,,,,,,
Oreth,6,9,,,,,,
Seconda,6,9,,,,,,
Yesh,6,7,,,,,,
Bedil,6,6,,,,,,
Ekeroof,6,8,,,,,,
Gilliad,6,6,,,,,,
Ekrinish,6,7,,,,,,
Ocelos,6,5,,,,,,
Holls,6,8,,,,,,
Shoike,6,9,,,,,,
Nivita,6,8,,,,,,
Zirconia,6,8,,,,,,
Ignoyeithe,6,8,,,,,,
Yesq,6,8,,,,,,
Wylint,6,6,,,,,,
Breint,6,7,,,,,,
Xerimedial,6,7,,,,,,
Ilner,6,9,,,,,,
Brieman,6,9,,,,,,
Mexisa,6,7,,,,,,
Lawrell,6,10,,,,,,
Foire,6,9,,,,,,
Fogrom,6,9,,,,,,
Tulnous,6,8,,,,,,
Fleance,6,6,,,,,,
Teveti,6,9,,,,,,
Fika,6,6,,,,,,
Ficombe,6,9,,,,,,
Femithian,6,8,,,,,,
Jeighya,6,4,,,,,,
Tilwa,6,5,,,,,,
Wishill,6,7,,,,,,
Finl,6,6,,,,,,
Embrim,6,4,,,,,,
Meriden,6,7,,,,,,
Timashi,6,7,,,,,,
Tobb,6,9,,,,,,
Engam,6,7,,,,,,
Irevescale,6,9,,,,,,
Tored,6,8,,,,,,
Toriernd,6,9,,,,,,
Vumat,6,5,,,,,,
Casielle,6,7,,,,,,
Ullana,6,10,,,,,,
Lien,6,9,,,,,,
Illius,6,4,,,,,,
Evink,6,7,,,,,,
Vorrem,6,9,,,,,,
Calrida,6,7,,,,,,
Ultce,6,9,,,,,,
Maisé,6,6,,,,,,
Vicci,6,7,,,,,,
Kories,6,9,,,,,,
Patchhelm,6,3,,,,,,
Volehs,6,10,,,,,,
Itrems,6,9,,,,,,
Maquit,6,6,,,,,,
Terr,5,1,,,,,,
Taulus,5,10,,,,,,
Pelai,5,8,,,,,,
Iturtexi,5,9,,,,,,
Cassielle,5,6,,,,,,
Erils,5,8,,,,,,
Iyedoth,5,8,,,,,,
Vollk,5,7,,,,,,
Permel,5,8,,,,,,
Akral,5,7,,,,,,
Pilif,5,5,,,,,,
Virreg,5,7,,,,,,
Kiltem,5,6,,,,,,
Damla,5,9,,,,,,
Viradectia,5,9,,,,,,
Escorital,5,9,,,,,,
Kirust,5,4,,,,,,
Pladiune,5,10,,,,,,
Qeuse,5,8,,,,,,
Laiska,5,8,,,,,,
Quiraka,5,10,,,,,,
Astelain,5,9,,,,,,
Menoa,5,8,,,,,,
Etella,5,8,,,,,,
Raúl,5,7,,,,,,
Eteste,5,9,,,,,,
Arwell,5,9,,,,,,
Charlez,5,1,,,,,,
Haere,5,9,,,,,,
Isoquen,5,9,,,,,,
Rhelika,5,6,,,,,,
Evein,5,8,,,,,,
Rirex,5,9,,,,,,
Kevin2,5,8,,,,,,
Allorev,5,9,,,,,,
Ulea,5,8,,,,,,
Gospe,5,9,,,,,,
Chivic,5,10,,,,,,
Fabiel,5,4,,,,,,
Yucale,5,6,,,,,,
Failess,5,5,,,,,,
Tussar,5,8,,,,,,
Pathorex,5,9,,,,,,
Konska,5,8,,,,,,
Ortresia,5,10,,,,,,
Toris,5,9,,,,,,
Leafhold,5,8,,,,,,
Salin,5,6,,,,,,
Sóve,5,7,,,,,,
Haeis,5,9,,,,,,
Yietha,5,8,,,,,,
Melm,5,10,,,,,,
Tolset,5,9,,,,,,
Toithe,5,9,,,,,,
Ollempus,5,8,,,,,,
Fiziker,5,8,,,,,,
Tiyhm,5,9,,,,,,
Delani,5,6,,,,,,
Feiss,5,7,,,,,,
Fel,5,5,,,,,,
Sephraic,5,6,,,,,,
Weressna,5,8,,,,,,
Fortum,5,3,,,,,,
Delgriff,5,6,,,,,,
Jeckl,5,6,,,,,,
Oiex,5,9,,,,,,
Colousa,5,9,,,,,,
Octilla,5,7,,,,,,
Cadimus,5,10,,,,,,
Hesna,5,7,,,,,,
Sheis,5,8,,,,,,
Dintal,5,6,,,,,,
Gen,5,4,,,,,,
Dreshhi,5,2,,,,,,
Craus,5,9,,,,,,
Texiasha,5,8,,,,,,
Siddin,5,7,,,,,,
Duskal,5,7,,,,,,
Inme,5,9,,,,,,
Dierr,5,7,,,,,,
Sirrah,5,9,,,,,,
Igel,5,7,,,,,,
Bestre,5,9,,,,,,
Solicia,5,6,,,,,,
Traffle,5,9,,,,,,
Igissi,5,6,,,,,,
Sommete,5,10,,,,,,
Teqis,5,7,,,,,,
Tarath,5,9,,,,,,
Elmoin,5,8,,,,,,
Devay,5,7,,,,,,
Elkrin,5,3,,,,,,
Fellif,5,5,,,,,,
Bitterscale,5,3,,,,,,
Elkill,5,6,,,,,,
Telimt,5,6,,,,,,
Telich,5,7,,,,,,
Kamine,5,6,,,,,,
Laudire,4,9,,,,,,
Lailli,4,6,,,,,,
Telvir,4,7,,,,,,
Xeca,4,7,,,,,,
Fonlec,4,10,,,,,,
Tellgre,4,1,,,,,,
Ezerre,4,7,,,,,,
Usshi,4,6,,,,,,
Miihey,4,10,,,,,,
Xess,4,5,,,,,,
Ikerome,4,8,,,,,,
Stappest,4,9,,,,,,
Betram,4,6,,,,,,
Squallcut,4,6,,,,,,
Elihas,4,9,,,,,,
Ceriche,4,7,,,,,,
Nale,4,6,,,,,,
Henss,4,8,,,,,,
Messele,4,7,,,,,,
Lancet,4,10,,,,,,
Garneis,4,9,,,,,,
Trixal,4,3,,,,,,
Bethi,4,8,,,,,,
Sobriet,4,9,,,,,,
Xathy,4,6,,,,,,
Merrisha,4,7,,,,,,
Nerised,4,9,,,,,,
Bennis,4,9,,,,,,
Nicte,4,9,,,,,,
Tinn,4,8,,,,,,
Dereic,4,8,,,,,,
Jekss,4,8,,,,,,
Inkscale,4,6,,,,,,
Nmorie,4,9,,,,,,
Inseine,4,9,,,,,,
Thompson,4,2,,,,,,
Wyverndancer,4,10,,,,,,
Belini,4,8,,,,,,
Elanna,4,8,,,,,,
Lancel,4,7,,,,,,
Gerrif,4,7,,,,,,
Shelda,4,6,,,,,,
Wress,4,3,,,,,,
Aerta,4,7,,,,,,
Insica,4,8,,,,,,
Agelica,4,6,,,,,,
Tillep,4,9,,,,,,
Lefis,4,8,,,,,,
Okrha,4,8,,,,,,
Felp,4,6,,,,,,
Adoive,4,9,,,,,,
Sekirst,4,7,,,,,,
Tirrel,4,7,,,,,,
Gisha,4,8,,,,,,
Tirren,4,7,,,,,,
Yern,4,8,,,,,,
Onell,4,9,,,,,,
Sandel,4,6,,,,,,
Eithr,4,9,,,,,,
Meree,4,8,,,,,,
Saltears,4,6,,,,,,
Ali,4,6,,,,,,
Eniav,4,7,,,,,,
Tshya,4,3,,,,,,
Saelsmorn,4,9,,,,,,
Goishart,4,10,,,,,,
Toresh,4,9,,,,,,
Yixef,4,9,,,,,,
Mellia,4,6,,,,,,
Kirne,4,8,,,,,,
Hestute,4,8,,,,,,
Gorauun,4,8,,,,,,
Irre,4,7,,,,,,
Rudss,4,6,,,,,,
Meera,4,9,,,,,,
Yuise,4,8,,,,,,
Maxireffa,4,8,,,,,,
Yulv,4,9,,,,,,
Rottervine,4,10,,,,,,
Ezelda,4,10,,,,,,
Altivem,4,9,,,,,,
Roisere,4,8,,,,,,
Ambriel,4,6,,,,,,
Rockgaw,4,2,,,,,,
Kharneva,4,8,,,,,,
Ozena,4,7,,,,,,
Doniff,4,8,,,,,,
Joerss,4,9,,,,,,
Ribe,4,9,,,,,,
Grishka,4,4,,,,,,
Makhita,4,8,,,,,,
Haade,4,9,,,,,,
Unessi,4,9,,,,,,
Haliclaw,4,8,,,,,,
Revuc,4,6,,,,,,
Antest,4,9,,,,,,
Ureca,4,7,,,,,,
Efieth,4,9,,,,,,
Zentel,4,8,,,,,,
Haspeta,4,10,,,,,,
Reniz,4,6,,,,,,
Ariael,4,2,,,,,,
Reiila,4,7,,,,,,
Redl,4,8,,,,,,
Magores,4,10,,,,,,
Messimar,4,4,,,,,,
Zepheral,4,3,,,,,,
Rabbitears,4,5,,,,,,
Lykr,4,7,,,,,,
Veierne,4,9,,,,,,
Velmir,4,6,,,,,,
Chippy,4,9,,,,,,
Hemlag,4,8,,,,,,
Kadril,4,9,,,,,,
Poiv,4,6,,,,,,
Ayuse,4,8,,,,,,
Cassiedre,4,10,,,,,,
Eshell,4,8,,,,,,
Pillowhead,4,8,,,,,,
Esbell,4,5,,,,,,
Erreta,4,9,,,,,,
Pestrom,4,1,,,,,,
Iusa,4,8,,,,,,
Heroom,4,9,,,,,,
Baepr,4,6,,,,,,
Erkika,4,8,,,,,,
Chorteal,4,10,,,,,,
Fabial,3,5,,,,,,
Groundguide,3,8,,,,,,
Pukey,3,6,,,,,,
Anham,3,10,,,,,,
Helmaunt,3,7,,,,,,
Gwelin,3,7,,,,,,
Reseclor,3,10,,,,,,
Presz,3,8,,,,,,
Ringy,3,9,,,,,,
Relt,3,4,,,,,,
Grasstalker,3,6,,,,,,
Reyanne,3,4,,,,,,
Heclaivk,3,8,,,,,,
Redoger,3,8,,,,,,
Rexes,3,8,,,,,,
Redif,3,5,,,,,,
Griniev,3,9,,,,,,
Antertree,3,10,,,,,,
Greilm,3,6,,,,,,
Ballus,3,3,,,,,,
Allon,3,8,,,,,,
Hammernail,3,10,,,,,,
Gossard,3,9,,,,,,
Hessa,3,6,,,,,,
Sicladiun,3,10,,,,,,
Rulent,3,9,,,,,,
Hetoque,3,8,,,,,,
Golsa,3,10,,,,,,
Dallien,3,7,,,,,,
Bashea,3,6,,,,,,
Deirr,3,7,,,,,,
Rumerk,3,7,,,,,,
Ossi,3,5,,,,,,
Rustarmor,3,6,,,,,,
Ruusa,3,9,,,,,,
Samite,3,6,,,,,,
Beatist,3,9,,,,,,
Samung,3,8,,,,,,
Alfren,3,9,,,,,,
Olisev,3,10,,,,,,
Sehr,3,7,,,,,,
Girent,3,6,,,,,,
Beetlestare,3,5,,,,,,
Oireikol,3,9,,,,,,
Oills,3,10,,,,,,
Aknel,3,9,,,,,,
Beilfang,3,8,,,,,,
Aghonst,3,8,,,,,,
Shazzi,3,6,,,,,,
Shellac,3,9,,,,,,
Obsidel,3,7,,,,,,
Obridein,3,9,,,,,,
Honolac,3,9,,,,,,
Obi,3,7,,,,,,
Shierxun,3,8,,,,,,
Vrrow,3,7,,,,,,
Norlis,3,10,,,,,,
Siccy,3,3,,,,,,
Coyue,3,9,,,,,,
Rikku,3,2,,,,,,
Nisha,3,8,,,,,,
Silverpine,3,8,,,,,,
Hvcia,3,8,,,,,,
Nicoletta,3,6,,,,,,
Geith,3,8,,,,,,
Sixsword,3,7,,,,,,
Idecan,3,8,,,,,,
Nenre,3,9,,,,,,
Nedres,3,10,,,,,,
Geils,3,6,,,,,,
Slipscal,3,6,,,,,,
Smola,3,6,,,,,,
Gauradin,3,8,,,,,,
Galran,3,7,,,,,,
Coroint,3,8,,,,,,
Somost,3,8,,,,,,
Igrena,3,8,,,,,,
Sopren,3,9,,,,,,
Beytoc,3,9,,,,,,
Yaltes,3,3,,,,,,
Monst,3,10,,,,,,
Ikla,3,8,,,,,,
Xavier,3,7,,,,,,
Moire,3,10,,,,,,
Miv,3,8,,,,,,
Miral,3,7,,,,,,
Stickhair,3,6,,,,,,
Thorne,3,9,,,,,,
Illthe,3,9,,,,,,
Ilmt,3,6,,,,,,
Vash,3,5,,,,,,
Concie,3,9,,,,,,
Brieese,3,9,,,,,,
Swhat,3,4,,,,,,
Commie,3,9,,,,,,
Ushel,3,7,,,,,,
Messk,3,8,,,,,,
T’shar,3,8,,,,,,
Merul,3,8,,,,,,
Fleiss,3,5,,,,,,
Merrimom,3,8,,,,,,
Fleaears,3,6,,,,,,
Fituna,3,10,,,,,,
Meroon,3,8,,,,,,
Innia,3,10,,,,,,
Merloc,3,8,,,,,,
Terrough,3,8,,,,,,
Finnon,3,3,,,,,,
Therel,3,7,,,,,,
Thoven,3,8,,,,,,
Tillica,3,6,,,,,,
Felit,3,6,,,,,,
Calar,3,8,,,,,,
Tobeis,3,9,,,,,,
Fauscale,3,5,,,,,,
Faugh,3,5,,,,,,
Calequin,3,10,,,,,,
Mekhita,3,7,,,,,,
Mefaa,3,7,,,,,,
Ronnel,3,8,,,,,,
Agenote,3,9,,,,,,
Turt,3,6,,,,,,
Twodeals,3,1,,,,,,
Uhis,3,8,,,,,,
Isger,3,9,,,,,,
Ulli,3,6,,,,,,
Ullia,3,7,,,,,,
Ulne,3,7,,,,,,
Mahadak,3,9,,,,,,
Uonp,3,8,,,,,,
Colina,3,5,,,,,,
Muskrat,3,9,,,,,,
Mersh,3,5,,,,,,
Lubanzi,3,6,,,,,,
Ithe,3,8,,,,,,
Loute,3,10,,,,,,
Veills,3,10,,,,,,
Lacrese,3,9,,,,,,
Keri,3,5,,,,,,
Dosel,3,8,,,,,,
Cathenay,3,8,,,,,,
Linter,3,9,,,,,,
Linnej,3,9,,,,,,
Dosiel,3,8,,,,,,
Liass,3,6,,,,,,
Lewril,3,7,,,,,,
Lethic,3,4,,,,,,
Lessil,3,10,,,,,,
Lemm,3,8,,,,,,
Vrik,3,8,,,,,,
Jeckel,3,9,,,,,,
Dorrer,3,8,,,,,,
Leir,3,9,,,,,,
Coalwing,3,9,,,,,,
Cerin,3,7,,,,,,
Wettle,3,8,,,,,,
Worhen,3,7,,,,,,
Emid,3,6,,,,,,
Dulm,3,7,,,,,,
Fedric,3,3,,,,,,
Xiang,3,7,,,,,,
Calthusveri,3,8,,,,,,
Yamath,3,9,,,,,,
Lan,3,9,,,,,,
Lamily,3,6,,,,,,
Dots,3,9,,,,,,
Chalica,3,6,,,,,,
Yill,3,8,,,,,,
Eisna,3,9,,,,,,
Ylawe,3,10,,,,,,
Chalt,3,6,,,,,,
Yoint,3,9,,,,,,
Yrendiev,3,9,,,,,,
Egrhe,3,9,,,,,,
Channe,3,7,,,,,,
Zekryia,3,4,,,,,,
Eggsnatcher,3,4,,,,,,
Cheindurana,3,8,,,,,,
Kerik,3,7,,,,,,
Chemille,3,9,,,,,,
Kaazaldrin,3,9,,,,,,
Chesy,3,7,,,,,,
Eforte,3,9,,,,,,
Ecleif,3,8,,,,,,
Eclaircissement,3,9,,,,,,
Keirne,3,9,,,,,,
Akhta,3,8,,,,,,
Beitrne,2,9,,,,,,
Cornerer,2,9,,,,,,
Jorrus,2,10,,,,,,
Dret,2,5,,,,,,
Ziwar,2,8,,,,,,
Ecraw,2,8,,,,,,
Zicrone,2,9,,,,,,
Kabral,2,8,,,,,,
Chierice,2,9,,,,,,
Drinn,2,9,,,,,,
Kammy,2,6,,,,,,
Zenm,2,8,,,,,,
Kedel,2,6,,,,,,
Zeky,2,7,,,,,,
Kelaw,2,8,,,,,,
Balimar,2,4,,,,,,
Kelis,2,7,,,,,,
Balkizat,2,4,,,,,,
Bekr,2,5,,,,,,
Zazse,2,9,,,,,,
Belsc,2,1,,,,,,
Zalel,2,6,,,,,,
Yulnous,2,9,,,,,,
Einne,2,9,,,,,,
Eiress,2,8,,,,,,
Eirnhen,2,7,,,,,,
Adelynn,2,3,,,,,,
Jolrak,2,9,,,,,,
Joit,2,8,,,,,,
Coblat,2,1,,,,,,
Chanium,2,7,,,,,,
Ylss,2,1,,,,,,
Eithe,2,9,,,,,,
Coutei-Dinai,2,8,,,,,,
Joehns,2,9,,,,,,
Kevin3,2,8,,,,,,
Ekal,2,7,,,,,,
Cuska,2,5,,,,,,
Cinney,2,3,,,,,,
Yelen,2,3,,,,,,
Khomala,2,4,,,,,,
Duha,2,7,,,,,,
Yegosi,2,9,,,,,,
Elfwed,2,9,,,,,,
Kishield,2,6,,,,,,
Kiskel,2,7,,,,,,
Kisore,2,8,,,,,,
Xerca,2,7,,,,,,
Elmha,2,5,,,,,,
Dushal,2,7,,,,,,
Embershard,2,10,,,,,,
Xalia,2,5,,,,,,
Kolm,2,9,,,,,,
Jie,2,9,,,,,,
Wuvisa,2,5,,,,,,
Emigege,2,9,,,,,,
Krakka,2,6,,,,,,
Duunab,2,8,,,,,,
Weneira,2,10,,,,,,
Welfa,2,5,,,,,,
Kuzait,2,8,,,,,,
Welaiat,2,5,,,,,,
Grimsore,2,1,,,,,,
Weillmet,2,5,,,,,,
Enitere,2,7,,,,,,
Vusso,2,4,,,,,,
Equed,2,8,,,,,,
Vuiel,2,8,,,,,,
Drakles,2,6,,,,,,
Volah,2,8,,,,,,
Kemel,2,8,,,,,,
Laiz,2,6,,,,,,
Lallen,2,8,,,,,,
Lamast,2,10,,,,,,
Errez,2,8,,,,,,
Victus,2,7,,,,,,
Deral,2,3,,,,,,
Verqen,2,8,,,,,,
Verki,2,8,,,,,,
Jeraldo,2,6,,,,,,
Verdeem,2,8,,,,,,
Vepil,2,8,,,,,,
Lashinxe,2,10,,,,,,
Vendoramt,2,9,,,,,,
Mellika,2,4,,,,,,
Lastillel,2,9,,,,,,
Velaaia,2,7,,,,,,
Jekra,2,2,,,,,,
Merisa,2,4,,,,,,
Etola,2,10,,,,,,
Vallissil,2,5,,,,,,
Evera,2,3,,,,,,
Lecci,2,7,,,,,,
Ummlt,2,9,,,,,,
Nemistra,2,3,,,,,,
Ulseil,2,5,,,,,,
Nevvim,2,6,,,,,,
Ulna,2,7,,,,,,
Evighe,2,10,,,,,,
Twekla,2,6,,,,,,
Quelmi,2,6,,,,,,
Jefry,2,4,,,,,,
Trudravel,2,8,,,,,,
Treisha,2,8,,,,,,
Toyle,2,9,,,,,,
Regisand,2,3,,,,,,
Tourois,2,9,,,,,,
Rehab,2,4,,,,,,
Totene,2,9,,,,,,
Caled,2,8,,,,,,
Torpith,2,9,,,,,,
Torkessa,2,9,,,,,,
Leondir,2,6,,,,,,
Cenera,2,8,,,,,,
Solca,2,7,,,,,,
Fashia,2,5,,,,,,
Fausst,2,10,,,,,,
Lessha,2,7,,,,,,
Tonget,2,10,,,,,,
Toheart,2,9,,,,,,
Toenir,2,9,,,,,,
Jaucton,2,10,,,,,,
Terithia,2,6,,,,,,
Todam,2,6,,,,,,
Tobil,2,6,,,,,,
Dogil,2,6,,,,,,
Feis,2,8,,,,,,
Fessi,2,8,,,,,,
I’sl,2,2,,,,,,
Tielma,2,6,,,,,,
Thustone,2,8,,,,,,
Threadshell,2,10,,,,,,
Disaa,2,7,,,,,,
Terres,2,2,,,,,,
Thitern,2,8,,,,,,
Thasisus,2,4,,,,,,
Lishelle,2,6,,,,,,
Thekheldan,2,6,,,,,,
Terrim,2,6,,,,,,
Terrica,2,6,,,,,,
Fleetfur,2,5,,,,,,
Flintel,2,7,,,,,,
Flura,2,7,,,,,,
Telvin,2,9,,,,,,
Tel,2,7,,,,,,
Fredalius,2,7,,,,,,
Freivisha,2,8,,,,,,
Swhy,2,5,,,,,,
Straestra,2,10,,,,,,
Longboy,2,9,,,,,,
Worker C44,2,9,,,,,,
Cauie,2,8,,,,,,
Soyekol,2,9,,,,,,
Sorret,2,9,,,,,,
Abeixis,2,8,,,,,,
Loteiv,2,10,,,,,,
Lotor,2,9,,,,,,
Solfeim,2,10,,,,,,
Slendasia,2,6,,,,,,
Sisl,2,6,,,,,,
Siroi,2,7,,,,,,
Gellid,2,6,,,,,,
Shrieky,2,7,,,,,,
Gerise,2,9,,,,,,
Gersa,2,6,,,,,,
Gewilouna,2,9,,,,,,
Luden,2,4,,,,,,
Cyprail,2,6,,,,,,
Luresh,2,9,,,,,,
Shashi,2,9,,,,,,
Ahrmal,2,8,,,,,,
Itelvaunhz,2,10,,,,,,
Shais,2,7,,,,,,
Carrec,2,8,,,,,,
Setil,2,7,,,,,,
Careei,2,9,,,,,,
Ginsa,2,8,,,,,,
Dellibe,2,7,,,,,,
Sendel,2,7,,,,,,
Seizhe,2,8,,,,,,
Ississi,2,7,,,,,,
Mailgest,2,10,,,,,,
Alcasi,2,10,,,,,,
Gladheart,2,9,,,,,,
Scopikl,2,8,,,,,,
Sayzil,2,7,,,,,,
Alelle,2,7,,,,,,
Cantras,2,5,,,,,,
Caneriq,2,9,,,,,,
Algr,2,8,,,,,,
Glorisa,2,8,,,,,,
Allais,2,5,,,,,,
Rudinel,2,9,,,,,,
Rudeven,2,10,,,,,,
Isheil,2,6,,,,,,
Marged,2,10,,,,,,
Marseth,2,8,,,,,,
Granith,2,8,,,,,,
Maskegrall,2,10,,,,,,
Masmak,2,10,,,,,,
Mateus,2,9,,,,,,
Rosere,2,9,,,,,,
Calte,2,9,,,,,,
Mavaise,2,9,,,,,,
Mavei,2,6,,,,,,
Roodney,2,8,,,,,,
Grassc,2,6,,,,,,
Maxeff,2,8,,,,,,
Alvaik,2,6,,,,,,
Deint,2,7,,,,,,
Degelen,2,9,,,,,,
Calispe,2,8,,,,,,
Calin,2,6,,,,,,
Medivort,2,8,,,,,,
Medroniaria,2,8,,,,,,
Califfy,2,6,,,,,,
Rkhi,2,7,,,,,,
Rivvip,2,9,,,,,,
Amel,2,7,,,,,,
Mehoff,2,8,,,,,,
Amessia,2,7,,,,,,
Calico,2,3,,,,,,
Defin,2,9,,,,,,
Calic,2,6,,,,,,
Groithe,2,9,,,,,,
Anareen,2,8,,,,,,
Irove,2,9,,,,,,
Halast,2,4,,,,,,
Melbret,2,8,,,,,,
Rezy,2,8,,,,,,
Hallbera,2,9,,,,,,
Melisaw,2,7,,,,,,
Handyfellow,2,10,,,,,,
Retihome,2,8,,,,,,
Igrith,2,8,,,,,,
Mells,2,6,,,,,,
Restraud,2,10,,,,,,
Hasil,2,5,,,,,,
Hasyth,2,10,,,,,,
Renar,2,8,,,,,,
Remos,2,10,,,,,,
Bert,2,3,,,,,,
Reiy,2,8,,,,,,
Reira,2,7,,,,,,
Arteis,2,6,,,,,,
Hedolac,2,6,,,,,,
Redaul,2,10,,,,,,
Hekiss,2,4,,,,,,
Randil,2,6,,,,,,
Asgrel,2,9,,,,,,
Ramiss,2,9,,,,,,
Heldam,2,6,,,,,,
Atnel,2,8,,,,,,
Qibby,2,7,,,,,,
Qiam,2,7,,,,,,
Merith,2,10,,,,,,
Caawl,2,6,,,,,,
Presca,2,8,,,,,,
Axter,2,8,,,,,,
Merka,2,6,,,,,,
Porwinke,2,9,,,,,,
Polkadot,2,7,,,,,,
Inriss,2,9,,,,,,
Heppe,2,8,,,,,,
Piloriet,2,8,,,,,,
Herissa,2,8,,,,,,
Inir,2,8,,,,,,
Merwood,2,7,,,,,,
Piccy,2,6,,,,,,
Phloem,2,8,,,,,,
Perial,2,1,,,,,,
Balegilt,2,6,,,,,,
Balmer,2,6,,,,,,
Barky,2,3,,,,,,
Ovesire,2,8,,,,,,
Hexi,2,7,,,,,,
Osthmissa,2,6,,,,,,
Heycin,2,6,,,,,,
Hidam,2,7,,,,,,
Optol,2,10,,,,,,
Hircas,2,10,,,,,,
Bravehammer,2,10,,,,,,
Omalous,2,9,,,,,,
Illsul,2,7,,,,,,
Beclist,2,6,,,,,,
Oltevij,2,8,,,,,,
Hiyev,2,8,,,,,,
Homeswey,2,10,,,,,,
Beilkit,2,6,,,,,,
Misa,2,4,,,,,,
Honei,2,10,,,,,,
Hoppy,2,9,,,,,,
Noxsham,2,10,,,,,,
Mithn,2,8,,,,,,
Novether,2,8,,,,,,
Nouzcrat,2,10,,,,,,
Noface,2,4,,,,,,
Illial,2,6,,,,,,
Murab,2,8,,,,,,
Moldierre,2,10,,,,,,
Nobre,2,8,,,,,,
Bereid,2,6,,,,,,
Mydre,2,8,,,,,,
Berlyrssat,2,2,,,,,,
Nellb,2,8,,,,,,
Berst,2,8,,,,,,
Huggy,2,7,,,,,,
Nathal,2,7,,,,,,
Iglief,2,6,,,,,,
Nisshail,2,7,,,,,,
Ichorum,2,10,,,,,,
Mraxine,2,10,,,,,,
Bertel,2,8,,,,,,
Alrelious,1,9,,,,,,
Coleom,1,9,,,,,,
Blackspots,1,7,,,,,,
Conec,1,10,,,,,,
Cormen,1,10,,,,,,
Monterroc,1,9,,,,,,
Moodif,1,9,,,,,,
Moribus,1,9,,,,,,
Morn,1,4,,,,,,
Biha,1,7,,,,,,
Bhors,1,5,,,,,,
Mousy,1,6,,,,,,
Moxae,1,5,,,,,,
Bezis,1,8,,,,,,
Muscane,1,10,,,,,,
Muz,1,9,,,,,,
Nairlen,1,5,,,,,,
Ikeld,1,5,,,,,,
Hoswet,1,10,,,,,,
Namass,1,3,,,,,,
Igesti,1,7,,,,,,
Nebersa,1,10,,,,,,
Igessi,1,8,,,,,,
Neerie,1,10,,,,,,
Bener,1,3,,,,,,
Berob,1,9,,,,,,
Nemud,1,8,,,,,,
Nenor,1,4,,,,,,
Corrost,1,9,,,,,,
Neres,1,4,,,,,,
Berithseid,1,8,,,,,,
Nerise,1,9,,,,,,
Ierlv,1,8,,,,,,
Nerrain,1,9,,,,,,
Nervhetti,1,7,,,,,,
Nesiee,1,8,,,,,,
Netzhe,1,10,,,,,,
Beorro,1,9,,,,,,
Bennsy,1,10,,,,,,
Icoln,1,7,,,,,,
Ichewool,1,8,,,,,,
Nielfra,1,6,,,,,,
Nieva,1,9,,,,,,
Benivald,1,5,,,,,,
Nis,1,7,,,,,,
Cortimaelas,1,9,,,,,,
Nishalt,1,6,,,,,,
Nishelt,1,6,,,,,,
Couilekurne,1,9,,,,,,
Noelyeen,1,7,,,,,,
Invac,1,4,,,,,,
Noline,1,9,,,,,,
Noln,1,8,,,,,,
Auhousa,1,8,,,,,,
Nolom,1,10,,,,,,
Nolsca,1,5,,,,,,
Beme,1,8,,,,,,
Bellia,1,5,,,,,,
Norish,1,9,,,,,,
Hemst,1,10,,,,,,
Northa,1,8,,,,,,
Blaikil,1,6,,,,,,
Hoseev,1,8,,,,,,
Belfore,1,3,,,,,,
Illidrem,1,9,,,,,,
Beklr,1,7,,,,,,
Miuss,1,8,,,,,,
Dutraic,1,8,,,,,,
Oakly,1,9,,,,,,
Oberfex,1,6,,,,,,
Mithm,1,9,,,,,,
Credeth,1,6,,,,,,
Misten,1,8,,,,,,
Beillfamt,1,6,,,,,,
Occla,1,8,,,,,,
Miski,1,7,,,,,,
Illn,1,9,,,,,,
Holloise,1,10,,,,,,
Crenos,1,6,,,,,,
Hoeneifeathers,1,9,,,,,,
Mintal,1,6,,,,,,
Hitre,1,8,,,,,,
Crowcaller,1,8,,,,,,
Hissins,1,6,,,,,,
Olat,1,7,,,,,,
Cuaqua,1,8,,,,,,
Oleza,1,8,,,,,,
Oli,1,5,,,,,,
Hisark,1,9,,,,,,
Olivis,1,2,,,,,,
Clarell,1,8,,,,,,
Ollena,1,8,,,,,,
Bedai,1,7,,,,,,
Olmpe,1,8,,,,,,
Olphela,1,7,,,,,,
Minitach,1,8,,,,,,
Minhwe,1,10,,,,,,
Miloslav,1,9,,,,,,
Omel,1,7,,,,,,
Omiscel,1,8,,,,,,
Brathiak,1,4,,,,,,
Oney,1,8,,,,,,
Imina,1,7,,,,,,
Orangeball,1,10,,,,,,
Highsword,1,8,,,,,,
Orelo,1,9,,,,,,
Oresha,1,8,,,,,,
Oresta,1,7,,,,,,
Iminel,1,7,,,,,,
Baskel,1,5,,,,,,
Hezzien,1,9,,,,,,
Orsenor,1,10,,,,,,
Hezile,1,8,,,,,,
Osewixthe,1,10,,,,,,
Imral,1,5,,,,,,
Daisystream,1,7,,,,,,
Inaceran,1,8,,,,,,
Metrizen,1,9,,,,,,
Hewlat,1,6,,,,,,
Ovelel,1,6,,,,,,
Hewilst,1,9,,,,,,
Metris,1,8,,,,,,
Ovten,1,10,,,,,,
Oxet,1,9,,,,,,
Barlevos,1,9,,,,,,
Ozymandias,1,2,,,,,,
Brightmetal,1,7,,,,,,
Paill,1,8,,,,,,
Paiss,1,6,,,,,,
Barkus,1,8,,,,,,
Hetrell,1,8,,,,,,
Barkscale,1,8,,,,,,
Balthen,1,8,,,,,,
Hessca,1,5,,,,,,
Hesil,1,7,,,,,,
Metas,1,8,,,,,,
Hesalief,1,6,,,,,,
Pellican,1,9,,,,,,
Indella,1,8,,,,,,
Peminac,1,1,,,,,,
Penec,1,9,,,,,,
Dalthson,1,6,,,,,,
Bullan,1,7,,,,,,
Perin,1,10,,,,,,
Herothe,1,8,,,,,,
Pessia,1,2,,,,,,
Damius,1,6,,,,,,
Herist,1,8,,,,,,
Petoil,1,9,,,,,,
Petroms,1,5,,,,,,
Pez,1,8,,,,,,
Coloz,1,8,,,,,,
Byssa,1,2,,,,,,
Badl,1,10,,,,,,
Béclaire,1,9,,,,,,
Herish,1,8,,,,,,
Inkpage,1,9,,,,,,
Pitram,1,8,,,,,,
Pitres,1,6,,,,,,
Heriml,1,8,,,,,,
Azef,1,6,,,,,,
Pohgre,1,10,,,,,,
Inmki,1,6,,,,,,
Heord,1,10,,,,,,
Merraw,1,8,,,,,,
Polloriokh,1,8,,,,,,
Porcine,1,9,,,,,,
Merlotte,1,10,,,,,,
Meritss,1,9,,,,,,
Pozint,1,10,,,,,,
Praemla,1,3,,,,,,
Avring,1,8,,,,,,
Merk,1,7,,,,,,
Hensi,1,8,,,,,,
Hendric,1,1,,,,,,
Aumeth,1,9,,,,,,
Aumerth,1,8,,,,,,
Prixal,1,8,,,,,,
Prowli,1,6,,,,,,
Deik,1,6,,,,,,
Alvais,1,6,,,,,,
Qent,1,5,,,,,,
Helliten,1,7,,,,,,
Mbena,1,9,,,,,,
Invrss,1,2,,,,,,
Atritha,1,8,,,,,,
Quaiss,1,7,,,,,,
Quarr,1,5,,,,,,
Quatalis,1,10,,,,,,
Meriede,1,8,,,,,,
Quesm,1,3,,,,,,
Quinfer,1,5,,,,,,
Helica,1,5,,,,,,
Quissa,1,7,,,,,,
Qune,1,7,,,,,,
Atgre,1,10,,,,,,
Astire,1,10,,,,,,
Helesteria,1,9,,,,,,
Inyith,1,8,,,,,,
Rachella,1,6,,,,,,
Raendersolis,1,9,,,,,,
Rami,1,6,,,,,,
Ashca,1,6,,,,,,
Merib,1,8,,,,,,
Mereth,1,8,,,,,,
Ioust,1,8,,,,,,
Randimen,1,10,,,,,,
Randolen,1,9,,,,,,
Merckle,1,8,,,,,,
Raoverles,1,10,,,,,,
Ascadenia,1,9,,,,,,
Asca,1,5,,,,,,
Raymon,1,7,,,,,,
Razere,1,9,,,,,,
Davimy,1,6,,,,,,
Hejor,1,5,,,,,,
Rece,1,8,,,,,,
Menz,1,5,,,,,,
Redcal,1,6,,,,,,
Redelia,1,6,,,,,,
Rederr,1,7,,,,,,
Davion,1,6,,,,,,
Rediur,1,7,,,,,,
Menua,1,8,,,,,,
Hedica,1,6,,,,,,
Menoss,1,4,,,,,,
Redovil,1,7,,,,,,
Redrein,1,9,,,,,,
Regil,1,7,,,,,,
Arnjef,1,9,,,,,,
Arneit,1,6,,,,,,
Reigata,1,9,,,,,,
Hedey,1,8,,,,,,
Arnei,1,8,,,,,,
Armiga,1,6,,,,,,
Menorra,1,8,,,,,,
Reitx,1,9,,,,,,
Iratz,1,9,,,,,,
Hecii,1,7,,,,,,
Areushi,1,8,,,,,,
Arculen,1,8,,,,,,
Rekhi,1,7,,,,,,
Rekil,1,6,,,,,,
Rekka,1,7,,,,,,
Archiset,1,8,,,,,,
Rellas,1,9,,,,,,
Aquillven,1,9,,,,,,
Aplesia,1,6,,,,,,
Relss,1,2,,,,,,
Havilet,1,6,,,,,,
Relun,1,7,,,,,,
Calcirite,1,10,,,,,,
Renalda,1,4,,,,,,
Meniss,1,5,,,,,,
Rencil,1,4,,,,,,
Reneid,1,10,,,,,,
Antielle,1,6,,,,,,
Renhurst,1,9,,,,,,
Deara,1,7,,,,,,
Anthese,1,9,,,,,,
Resber,1,9,,,,,,
Resci,1,6,,,,,,
Hauste,1,8,,,,,,
Menisa,1,8,,,,,,
Melsaiid,1,10,,,,,,
Melpin,1,3,,,,,,
Iril,1,7,,,,,,
Melkhit,1,7,,,,,,
Revorthe,1,8,,,,,,
Deckless,1,7,,,,,,
Halliss,1,5,,,,,,
Melitza,1,7,,,,,,
Rexielsa,1,7,,,,,,
Decul,1,7,,,,,,
Rezeit,1,8,,,,,,
Rezinoul,1,8,,,,,,
Melis,1,8,,,,,,
Meliope,1,5,,,,,,
Gwe,1,9,,,,,,
Rhetorisel,1,9,,,,,,
Ironheart Calecum,1,4,,,,,,
Rhikle,1,7,,,,,,
Rhiveile,1,8,,,,,,
Amoli,1,6,,,,,,
Meiss,1,8,,,,,,
Meirq,1,8,,,,,,
Meilmen,1,5,,,,,,
Mehswi,1,10,,,,,,
Riev,1,8,,,,,,
Rieve,1,6,,,,,,
Ameitp,1,8,,,,,,
Grimby,1,6,,,,,,
Grexi,1,7,,,,,,
Rishka,1,6,,,,,,
Rissiel,1,8,,,,,,
Grerre,1,8,,,,,,
Riven,1,10,,,,,,
Colmet,1,9,,,,,,
Rizzia,1,4,,,,,,
Meetishek,1,9,,,,,,
Roare,1,9,,,,,,
Rober,1,3,,,,,,
Grenim,1,9,,,,,,
Irsh,1,8,,,,,,
Ambrol,1,9,,,,,,
Casif,1,8,,,,,,
Amberwing,1,6,,,,,,
Rogghiedroth,1,8,,,,,,
Roisel,1,9,,,,,,
Greeka,1,8,,,,,,
Alburz,1,9,,,,,,
Collex,1,9,,,,,,
Rolairenes,1,10,,,,,,
Roleis,1,6,,,,,,
Rollend,1,9,,,,,,
Alucard,1,7,,,,,,
Calop,1,4,,,,,,
Ciarr,1,8,,,,,,
Rommo,1,10,,,,,,
Mavia,1,4,,,,,,
Alonaid,1,6,,,,,,
Grasfur,1,7,,,,,,
Rorodousen,1,10,,,,,,
Ischeveil,1,8,,,,,,
Maug,1,7,,,,,,
Allnot,1,9,,,,,,
Rothebud,1,9,,,,,,
Rothefieln,1,9,,,,,,
Graer,1,8,,,,,,
Gotell,1,10,,,,,,
Gosthe,1,9,,,,,,
Rozmak,1,9,,,,,,
Allima,1,6,,,,,,
Camiw,1,9,,,,,,
Maqua,1,6,,,,,,
Goshell,1,9,,,,,,
Gerit,1,6,,,,,,
Gorekh,1,8,,,,,,
Camos,1,10,,,,,,
Goliepe,1,8,,,,,,
Goldsword,1,7,,,,,,
Alkran,1,4,,,,,,
Sadil,1,6,,,,,,
Goldesh,1,8,,,,,,
Safey,1,6,,,,,,
Goess,1,9,,,,,,
Sailwing,1,7,,,,,,
Saish,1,6,,,,,,
Saiyl,1,8,,,,,,
Aliman,1,6,,,,,,
Salienn,1,7,,,,,,
Deitle,1,8,,,,,,
Salindeca,1,7,,,,,,
Goelax,1,9,,,,,,
Delicha,1,6,,,,,,
Saltshook,1,10,,,,,,
Samikha,1,7,,,,,,
Samirhe,1,9,,,,,,
Goatbane,1,7,,,,,,
Glowfinder,1,7,,,,,,
Manma,1,10,,,,,,
Sandic,1,6,,,,,,
Sanrat,1,10,,,,,,
Mames,1,6,,,,,,
Glisal,1,7,,,,,,
Aless,1,6,,,,,,
Malvilla,1,6,,,,,,
Sasitoret,1,9,,,,,,
Aldrake,1,6,,,,,,
Sauliset,1,10,,,,,,
Saurisi,1,6,,,,,,
Sawlegs,1,4,,,,,,
Mallam,1,9,,,,,,
Scalenight,1,8,,,,,,
Scaleshield,1,6,,,,,,
Aldoy,1,9,,,,,,
Scartail,1,6,,,,,,
Schnel,1,3,,,,,,
Caran,1,7,,,,,,
Seceik,1,8,,,,,,
Isni,1,10,,,,,,
Aldatail,1,10,,,,,,
Isshia,1,2,,,,,,
Seenaw,1,8,,,,,,
Seepurk,1,6,,,,,,
Seftail,1,8,,,,,,
Deliic,1,6,,,,,,
Sehsi,1,7,,,,,,
Seik,1,6,,,,,,
Seiryene,1,9,,,,,,
Maisy,1,4,,,,,,
Sekil,1,6,,,,,,
Gitore,1,9,,,,,,
Sekiyas,1,8,,,,,,
Delken,1,7,,,,,,
Albre,1,7,,,,,,
Maguth,1,8,,,,,,
Senusk,1,8,,,,,,
Itelln,1,9,,,,,,
Akreen,1,8,,,,,,
Mafial,1,6,,,,,,
Aiss,1,8,,,,,,
Maeist,1,9,,,,,,
Aine,1,8,,,,,,
Sevfia,1,8,,,,,,
Ailet,1,8,,,,,,
Shadepaw,1,8,,,,,,
Shadowspine,1,4,,,,,,
Shadsi,1,7,,,,,,
Shaerra,1,8,,,,,,
Aiellos,1,9,,,,,,
Ahse,1,10,,,,,,
Madsam,1,10,,,,,,
Shait,1,6,,,,,,
Cartiil,1,5,,,,,,
Shali,1,7,,,,,,
Ahnev,1,9,,,,,,
Sharetsu,1,8,,,,,,
Sharit,1,7,,,,,,
Ginla,1,6,,,,,,
Gilet,1,6,,,,,,
Itere,1,8,,,,,,
Shawli,1,6,,,,,,
Demerial,1,8,,,,,,
Sheikhe,1,7,,,,,,
Sheiklessa,1,8,,,,,,
Luxri,1,8,,,,,,
Lugaid,1,3,,,,,,
Sheka,1,7,,,,,,
Shekris,1,7,,,,,,
Gesa,1,8,,,,,,
Sheldae,1,7,,,,,,
Itpiv,1,10,,,,,,
Aeitendeske,1,9,,,,,,
Firescale,1,8,,,,,,
Celde,1,7,,,,,,
Geori,1,7,,,,,,
Shoko,1,8,,,,,,
Shomot,1,9,,,,,,
Loxlet,1,10,,,,,,
Shuns,1,8,,,,,,
Shureim,1,8,,,,,,
Sic,1,3,,,,,,
Gemhead,1,9,,,,,,
Geltheid,1,10,,,,,,
Loxeh,1,10,,,,,,
Adisse,1,9,,,,,,
Sightly,1,6,,,,,,
Sii,1,7,,,,,,
Silkscale,1,6,,,,,,
Adeis,1,7,,,,,,
Achetat,1,10,,,,,,
Gelia,1,5,,,,,,
Similaw,1,8,,,,,,
Sireny,1,10,,,,,,
Itr,1,8,,,,,,
Geleit,1,9,,,,,,
Casil,1,7,,,,,,
Aberr,1,7,,,,,,
Siv,1,7,,,,,,
Gekoi,1,8,,,,,,
Sixtails,1,6,,,,,,
Siza,1,8,,,,,,
Skeljaw,1,7,,,,,,
Skemil,1,6,,,,,,
Skywing,1,8,,,,,,
Ivywhip,1,10,,,,,,
Geim,1,5,,,,,,
Deroti,1,8,,,,,,
Gawl,1,6,,,,,,
Aberal,1,6,,,,,,
Solekr,1,9,,,,,,
Loul,1,10,,,,,,
Bladewing,1,8,,,,,,
Derra,1,9,,,,,,
Solla,1,8,,,,,,
Soloun,1,7,,,,,,
Solveui,1,8,,,,,,
Gatris,1,9,,,,,,
Somileirr,1,7,,,,,,
Somilune,1,8,,,,,,
Desdal,1,7,,,,,,
Zekky,1,7,,,,,,
Desta,1,7,,,,,,
Gaite,1,10,,,,,,
Sorixt,1,8,,,,,,
Catheis,1,9,,,,,,
Gaineos,1,9,,,,,,
Souyn,1,8,,,,,,
Lorllemdron,1,10,,,,,,
Spekelj,1,9,,,,,,
Spiderbite,1,5,,,,,,
Splinterscale,1,7,,,,,,
Splitfur,1,5,,,,,,
Destre,1,8,,,,,,
Ssolys,1,8,,,,,,
Desulte,1,8,,,,,,
Gaeghr,1,6,,,,,,
Gabrille,1,5,,,,,,
Fysi,1,6,,,,,,
Ixten,1,9,,,,,,
Fyeiz,1,8,,,,,,
Furstep,1,8,,,,,,
Longwain,1,7,,,,,,
Straeta,1,10,,,,,,
Strangler,1,8,,,,,,
Striata,1,9,,,,,,
Vivica,1,7,,,,,,
Detri,1,9,,,,,,
Suzaine,1,6,,,,,,
Fulca,1,4,,,,,,
Frollo,1,10,,,,,,
Lomoor,1,8,,,,,,
Sypaci,1,6,,,,,,
Talaya,1,7,,,,,,
Talient,1,8,,,,,,
Taltail,1,6,,,,,,
Talvasor,1,2,,,,,,
Frell,1,7,,,,,,
Tangecel,1,10,,,,,,
Loleith,1,9,,,,,,
Tassai,1,6,,,,,,
Freezy,1,6,,,,,,
Taxiella,1,9,,,,,,
Tchronson,1,6,,,,,,
Tealve,1,7,,,,,,
Teclaw,1,7,,,,,,
Caulette,1,9,,,,,,
Tekre,1,8,,,,,,
Cekis,1,7,,,,,,
Telfar,1,2,,,,,,
Frecklehooves,1,7,,,,,,
Teligrain,1,6,,,,,,
Telimer,1,7,,,,,,
Fransk,1,7,,,,,,
Foulton,1,5,,,,,,
Tellim,1,10,,,,,,
Tellsiv,1,7,,,,,,
Telmia,1,5,,,,,,
Teln,1,8,,,,,,
Celaene,1,7,,,,,,
Forwing,1,6,,,,,,
Tenil,1,9,,,,,,
Celcino,1,9,,,,,,
Tenvind,1,7,,,,,,
Teombirthez,1,10,,,,,,
Devl,1,8,,,,,,
Teoring,1,6,,,,,,
Tepple,1,6,,,,,,
Fluffle,1,7,,,,,,
Tergim,1,6,,,,,,
Teriane,1,3,,,,,,
Llerif,1,9,,,,,,
Terinda,1,8,,,,,,
Fleetpaw,1,8,,,,,,
Llemonth,1,9,,,,,,
Lizzi,1,10,,,,,,
Lixctoria,1,8,,,,,,
Thuermenon,1,9,,,,,,
Flans,1,5,,,,,,
Tesha,1,3,,,,,,
Teska,1,7,,,,,,
Tessil,1,5,,,,,,
Tetra,1,9,,,,,,
Faisha,1,5,,,,,,
Firelle,1,8,,,,,,
Limi,1,7,,,,,,
Tharei,1,6,,,,,,
Lisonte,1,10,,,,,,
Fimila,1,9,,,,,,
Theadrix,1,9,,,,,,
Celinthe,1,8,,,,,,
Thesil,1,7,,,,,,
Theil,1,5,,,,,,
Sasi,1,9,,,,,,
Thein,1,7,,,,,,
Thel,1,6,,,,,,
Thenalden,1,10,,,,,,
Filthblade,1,8,,,,,,
Theroben,1,6,,,,,,
Therris,1,7,,,,,,
Theuir,1,8,,,,,,
Cellenesa,1,9,,,,,,
Thistel,1,9,,,,,,
Thoekha,1,9,,,,,,
Thoenesith,1,9,,,,,,
Thorget,1,9,,,,,,
Fewq,1,8,,,,,,
Thoss,1,9,,,,,,
Thost,1,8,,,,,,
Colakgizak,1,10,,,,,,
Thoweina,1,8,,,,,,
Izeka,1,9,,,,,,
Thremagus,1,9,,,,,,
Thudder,1,10,,,,,,
Thugen,1,9,,,,,,
Legoris,1,7,,,,,,
Thymica,1,9,,,,,,
Limhe,1,10,,,,,,
Tigore,1,10,,,,,,
Tiktal,1,7,,,,,,
Tilk,1,6,,,,,,
Festerwound,1,10,,,,,,
Cemale,1,7,,,,,,
Divee,1,7,,,,,,
Feltpaw,1,6,,,,,,
Tipel,1,6,,,,,,
Tirr,1,7,,,,,,
Feli,1,6,,,,,,
Divorn,1,8,,,,,,
Tisheff,1,9,,,,,,
Tiss,1,7,,,,,,
Lichtef,1,10,,,,,,
Tlik,1,6,,,,,,
Dizk,1,7,,,,,,
Jaeke,1,9,,,,,,
Liasel,1,10,,,,,,
Tockie,1,9,,,,,,
Jasrene,1,10,,,,,,
Cemiza,1,6,,,,,,
Letien,1,9,,,,,,
Letfies,1,9,,,,,,
Toiese,1,9,,,,,,
Fedorgon,1,9,,,,,,
Terbore,1,1,,,,,,
Febin,1,6,,,,,,
Tompha,1,6,,,,,,
Cena,1,7,,,,,,
Toppledes,1,9,,,,,,
Jauslef,1,8,,,,,,
Lessee,1,10,,,,,,
Dolaa,1,10,,,,,,
Lesner,1,9,,,,,,
Qitene,1,9,,,,,,
Dolegroh,1,8,,,,,,
Torinba,1,10,,,,,,
Faltifant,1,5,,,,,,
Fale,1,6,,,,,,
Lerid,1,7,,,,,,
Torne,1,3,,,,,,
Cenizy,1,8,,,,,,
Toruth,1,9,,,,,,
Lemra,1,8,,,,,,
Totland,1,10,,,,,,
Dolemn,1,8,,,,,,
Ironheart,1,4,,,,,,
Lemloux,1,10,,,,,,
Ceqe,1,8,,,,,,
Tovestin,1,9,,,,,,
Lellint,1,6,,,,,,
Toysh,1,9,,,,,,
Toza,1,10,,,,,,
Rass,1,4,,,,,,
Trall,1,9,,,,,,
Cerethrian,1,4,,,,,,
Tren,1,8,,,,,,
Tressl,1,8,,,,,,
Trevlt,1,7,,,,,,
Tritosech,1,10,,,,,,
Troxin,1,9,,,,,,
Lekless,1,10,,,,,,
Raelia,1,5,,,,,,
Tshana,1,1,,,,,,
Quexia,1,3,,,,,,
Tugrin,1,4,,,,,,
Tulec,1,10,,,,,,
Turc,1,7,,,,,,
Jeckle,1,8,,,,,,
Everfler,1,9,,,,,,
Fairfaw,1,5,,,,,,
Leilatha,1,10,,,,,,
Faima,1,5,,,,,,
Twofeathers,1,5,,,,,,
Uell,1,8,,,,,,
Uerca,1,7,,,,,,
Domie,1,6,,,,,,
Dominel,1,9,,,,,,
Nethengrel,1,9,,,,,,
Eydol,1,9,,,,,,
Ulgrim,1,1,,,,,,
Extin,1,9,,,,,,
Ulica,1,6,,,,,,
Exhait,1,8,,,,,,
Domost,1,8,,,,,,
Evimore,1,4,,,,,,
Jeicle,1,5,,,,,,
Oza,1,6,,,,,,
Leihfil,1,6,,,,,,
Evielda,1,7,,,,,,
Kringle,1,3,,,,,,
Jeirra,1,8,,,,,,
Meliore,1,4,,,,,,
Emisa,1,6,,,,,,
Leekhe,1,8,,,,,,
Ulviel,1,4,,,,,,
Umbalt,1,6,,,,,,
Umme,1,10,,,,,,
Lectora,1,9,,,,,,
Leciss,1,7,,,,,,
Euthand,1,7,,,,,,
Ureaia,1,9,,,,,,
Euriss,1,5,,,,,,
Nautia,1,5,,,,,,
Doorsa,1,8,,,,,,
Uriesta,1,7,,,,,,
Utasen,1,8,,,,,,
Murmar,1,4,,,,,,
Uten,1,10,,,,,,
Valesent,1,8,,,,,,
Valka,1,4,,,,,,
Valliad,1,6,,,,,,
Cessi,1,7,,,,,,
Etruthi,1,9,,,,,,
Vaugh,1,8,,,,,,
Cliffdiver,1,10,,,,,,
Vecle,1,5,,,,,,
Vedufien,1,8,,,,,,
Veedra,1,10,,,,,,
Lazimeh,1,8,,,,,,
Eterell,1,1,,,,,,
Esxeria,1,8,,,,,,
Dorace,1,9,,,,,,
Veis,1,6,,,,,,
Veitul,1,6,,,,,,
Veixl,1,9,,,,,,
Vekoal,1,9,,,,,,
Clempt,1,8,,,,,,
Chaida,1,6,,,,,,
Veldamnt,1,6,,,,,,
Veldeen,1,7,,,,,,
Kanmis,1,9,,,,,,
Makel,1,6,,,,,,
Vellima,1,6,,,,,,
Dorid,1,9,,,,,,
Lir,1,2,,,,,,
Chaiemegia,1,7,,,,,,
Dormeth,1,9,,,,,,
Ventail,1,8,,,,,,
Ventel,1,7,,,,,,
Lassilt,1,6,,,,,,
Lanodest,1,10,,,,,,
Veriny,1,8,,,,,,
Lancresi,1,9,,,,,,
Vermot,1,5,,,,,,
Lancest,1,8,,,,,,
Verrod,1,8,,,,,,
Vessra,1,3,,,,,,
Vexula,1,6,,,,,,
Dorreg,1,9,,,,,,
Eskaria,1,5,,,,,,
Clavine,1,6,,,,,,
Viccy,1,7,,,,,,
Victal,1,6,,,,,,
Clavalettes,1,2,,,,,,
Eshilx,1,6,,,,,,
Videl,1,8,,,,,,
Villmen,1,7,,,,,,
Viltraid,1,6,,,,,,
Vinovam,1,9,,,,,,
Violeteye,1,10,,,,,,
Vioneq,1,7,,,,,,
Vionte,1,10,,,,,,
Escre,1,8,,,,,,
Doscale,1,8,,,,,,
Virr,1,8,,,,,,
Eruvie,1,4,,,,,,
Lamistu,1,8,,,,,,
Vissi,1,9,,,,,,
Vissk,1,8,,,,,,
Claudiel,1,1,,,,,,
Gnoll Geneva,1,9,,,,,,
Jackson Carver,1,8,,,,,,
Voielth,1,9,,,,,,
Laisellemon,1,10,,,,,,
Erreid,1,6,,,,,,
Ernol,1,8,,,,,,
Volov,1,10,,,,,,
Volpel,1,6,,,,,,
Voltson,1,7,,,,,,
Voneng,1,10,,,,,,
Erithe,1,10,,,,,,
Erimith,1,7,,,,,,
Doulav,1,9,,,,,,
Vorucula,1,10,,,,,,
Ereid,1,8,,,,,,
Vree,1,7,,,,,,
Vrers,1,8,,,,,,
Chaiosa,1,9,,,,,,
Ilhmet,1,6,,,,,,
Hesseras,1,4,,,,,,
Classie,1,9,,,,,,
Laedonuis Deviy,1,8,,,,,,
Eqour,1,9,,,,,,
Laedonuis,1,8,,,,,,
Ladinel,1,10,,,,,,
Haeight,1,6,,,,,,
Webby,1,9,,,,,,
Wehna,1,7,,,,,,
Weille,1,5,,,,,,
Cisca,1,9,,,,,,
Claisse,1,9,,,,,,
Lacchius,1,9,,,,,,
Kyetne,1,10,,,,,,
Welk,1,8,,,,,,
Enica,1,6,,,,,,
Frostfox,1,2,,,,,,
Welte,1,6,,,,,,
Wenceslas,1,9,,,,,,
Krrechzzeim,1,7,,,,,,
Frasi,1,6,,,,,,
Enheirr,1,8,,,,,,
Emorah,1,9,,,,,,
Wessa,1,4,,,,,,
Weteleq,1,8,,,,,,
Emiss,1,8,,,,,,
Whitepaw,1,9,,,,,,
Whitforgers,1,7,,,,,,
Widehorn,1,10,,,,,,
Foeer,1,9,,,,,,
Wildheart,1,8,,,,,,
Chres,1,7,,,,,,
Willam,1,5,,,,,,
Williv,1,9,,,,,,
Wilr,1,6,,,,,,
Emirelle,1,7,,,,,,
Eminith,1,8,,,,,,
Fersh,1,5,,,,,,
Woodchuck,1,10,,,,,,
Emille,1,4,,,,,,
Feremont,1,8,,,,,,
Krallow,1,8,,,,,,
Wusha,1,7,,,,,,
Korht,1,8,,,,,,
Wuze,1,9,,,,,,
Wyldbark,1,9,,,,,,
Duskhal,1,7,,,,,,
Koore,1,8,,,,,,
Xalls,1,10,,,,,,
Xanthei,1,10,,,,,,
Cepil,1,8,,,,,,
Klberein,1,7,,,,,,
Durm,1,7,,,,,,
Jilted,1,5,,,,,,
Fedi,1,6,,,,,,
Ellric,1,6,,,,,,
Kissle,1,5,,,,,,
Dreosh,1,8,,,,,,
Xeritha,1,5,,,,,,
Erad,1,8,,,,,,
Dukss,1,7,,,,,,
Eliscythe,1,10,,,,,,
Xool,1,9,,,,,,
Kissi,1,5,,,,,,
Yahne,1,10,,,,,,
Yaina,1,7,,,,,,
Yaiss,1,10,,,,,,
Yalk,1,5,,,,,,
Eldrim,1,7,,,,,,
Elden,1,6,,,,,,
Elceeif,1,8,,,,,,
Yasy,1,7,,,,,,
Yasyiin,1,7,,,,,,
Yatzhee,1,3,,,,,,
Dion,1,6,,,,,,
Kiscre,1,8,,,,,,
Yehthim,1,10,,,,,,
Jilted Lines,1,5,,,,,,
Yeith,1,9,,,,,,
Drenirkessun,1,8,,,,,,
Kina,1,6,,,,,,
De-ra,1,9,,,,,,
Yemmi,1,7,,,,,,
Yenelaw,1,3,,,,,,
Yennais,1,3,,,,,,
Yeox,1,9,,,,,,
Kheldal,1,9,,,,,,
Yerinse,1,8,,,,,,
Ekil,1,7,,,,,,
Yertzhen,1,7,,,,,,
Khaiss,1,7,,,,,,
Eitte,1,9,,,,,,
Culin,1,9,,,,,,
Drawe,1,6,,,,,,
Yimmie,1,6,,,,,,
Yimurr,1,7,,,,,,
Yinbe,1,8,,,,,,
Yinelt,1,8,,,,,,
Cuarte,1,9,,,,,,
Kevin4,1,8,,,,,,
Kessy,1,7,,,,,,
Drommel,1,8,,,,,,
Kesst,1,7,,,,,,
Eirthe,1,10,,,,,,
Kesla,1,6,,,,,,
Yoitha,1,9,,,,,,
Caren,1,9,,,,,,
Yonst,1,8,,,,,,
Cinadel,1,7,,,,,,
Yorishi,1,8,,,,,,
Kerist,1,5,,,,,,
Calecum,1,4,,,,,,
Kerimane,1,7,,,,,,
Kerikool,1,8,,,,,,
Jopnel,1,8,,,,,,
Eineith,1,9,,,,,,
Eike,1,10,,,,,,
Blacktide,1,4,,,,,,
Zahil,1,6,,,,,,
Zailky,1,5,,,,,,
Kenous,1,9,,,,,,
Eick,1,7,,,,,,
Zanrel,1,8,,,,,,
Kendrei,1,9,,,,,,
Zanziel,1,8,,,,,,
Zavaral,1,7,,,,,,
Kelystra,1,7,,,,,,
Coise,1,9,,,,,,
Kelthe,1,9,,,,,,
Zecila,1,7,,,,,,
Zeil,1,5,,,,,,
Chesaw,1,8,,,,,,
Zekoon,1,8,,,,,,
Eherne,1,9,,,,,,
Keldram,1,5,,,,,,
Zekyris,1,4,,,,,,
Atlanna,1,10,,,,,,
Draugmot,1,7,,,,,,
Edsmund,1,6,,,,,,
Asimi,1,6,,,,,,
Chesta,1,9,,,,,,
Edorth,1,9,,,,,,
Ediven,1,9,,,,,,
Arden,1,9,,,,,,
Kaned,1,9,,,,,,
Kamka,1,10,,,,,,
Edelleim,1,7,,,,,,
Zimedoan,1,7,,,,,,
Justens,1,9,,,,,,
Eary,1,8,,,,,,
Juste,1,7,,,,,,
Zobvreca,1,10,,,,,,
Zollost,1,9,,,,,,
Zolv,1,8,,,,,,
Zore,1,9,,,,,,
Jospeire,1,10,,,,,,
Zotn,1,8,,,,,,
Afnild,1,9,,,,,,
Zweiltan,1,5,,,,,,